Data Id,Data Label,tau,emp p,emp p BH Corrected,Pattern Shape,Pattern Period,Pattern Peak,P. Trough,P. Circ. Peak,P. Circ. Trough,P. Width,P. Asym,,JTK p from tau,JTK p BH Corrected,bf corrected JTK p,BH bf corrected p
1,zwf1egf,0.107443221394192,0.39919600803992,0.496076910575923,ACOS,24,10,10,10,10,24,0,,0.020888171803037,0.025957523439446,1.62927740063688,1
2,zwf1egf,0.39449872539258,9.99990000099999E-06,6.53839615449999E-05,ACOS,24,18,12,18,12,24,0.25,,3.87134107584729E-14,1.17522854088221E-12,3.01964603916089E-12,9.16678261888126E-11
3,zwf1egf,0.116460504555298,0.298617013829862,0.401620983790162,ACOS,24,10,10,10,10,24,0,,0.013671255158921,0.018386972919435,1.06635790239585,1
4,zwf1egf,0.254873765665681,7.99992000079999E-05,0.000419748888931,ACOS,24,20,12,20,12,24,0.33,,6.85662103417731E-07,3.64257992440669E-06,5.3481644066583E-05,0.000284121234104
5,zwf1egf,0.112045559610884,0.345976540234598,0.44557584727183,ACOS,24,4,4,4,4,24,0,,0.016879340056507,0.021738544012168,1.31658852440754,1
6,zwf1egf,0.107137550778561,0.402735972640274,0.499016875720456,ACOS,24,10,10,10,10,24,0,,0.021180827361666,0.02624446538982,1.65210453420998,1
7,zwf1egf,0.352596258880341,9.99990000099999E-06,6.53839615449999E-05,ACOS,24,8,22,8,22,24,0.42,,1.18910685605287E-11,1.94373236085566E-10,9.27503347721241E-10,1.51611124146741E-08
8,zwf1egf,0.290183968704799,9.99990000099999E-06,6.53839615449999E-05,ACOS,24,10,18,10,18,24,0.67,,1.9189282941802E-08,1.3369582377485E-07,1.49676406946056E-06,1.04282742544383E-05
9,zwf1egf,0.123982843345226,0.228157718422816,0.325692212876529,ACOS,24,16,12,16,12,24,0.17,,0.009408927704677,0.013428534550126,0.733896360964843,1
10,zwf1egf,0.116505597302509,0.297957020429796,0.401620983790162,ACOS,24,2,22,2,22,24,0.17,,0.013641411666139,0.018386972919435,1.0640301099588,1
11,zwf1egf,0.031945042423155,0.999820001799982,0.999820001799982,ACOS,24,6,6,6,6,24,0,,0.27250078785604,0.27250078785604,21.2550614527711,1
12,zwf1egf,0.183385612529899,0.01139988600114,0.027528133809571,ACOS,24,2,22,2,22,24,0.17,,0.000255777280074,0.000617644000178,0.019950627845753,0.048176232013893
13,zwf1egf,0.143101168210059,0.102278977210228,0.172494306802964,COS,24,8,20,8,20,24,0.5,,0.003350419798163,0.005650509580236,0.26133274425675,0.440739747258407
14,zwf1egf,0.16092317226996,0.041939580604194,0.083682261768932,ACOS,24,10,4,10,4,24,0.25,,0.001147895817027,0.002290402451814,0.089535873728073,0.17865139124146
15,zwf1egf,0.128731312307939,0.190708092919071,0.282407454671098,ACOS,24,8,10,8,10,24,0.92,,0.007362158454009,0.010902151020745,0.574248359412702,0.850367779618113
16,zwf1egf,0.131937465174563,0.1679983200168,0.257759155260433,ACOS,24,16,18,16,18,24,0.92,,0.006212522800172,0.009531849061635,0.484576778413377,0.743484226807528
17,zwf1egf,0.071532439492998,0.851581484185158,0.916258558933398,ACOS,24,6,6,6,6,24,0,,0.087655453912183,0.094312830158678,6.83712540515024,1
18,zwf1egf,0.199143758702768,0.004129958700413,0.012277655001228,ACOS,24,6,14,6,14,24,0.67,,8.05822808151257E-05,0.000240745833346,0.00628541790358,0.018778175001002
19,zwf1egf,0.109506954186308,0.374506254937451,0.472300173140702,ACOS,24,16,6,16,6,24,0.42,,0.019000540022133,0.023962105369159,1.4820421217264,1
20,zwf1egf,0.132202541260279,0.166418335816642,0.257759155260433,ACOS,24,10,10,10,10,24,0,,0.006125003151824,0.009500461093158,0.477750245842308,0.741035965266354
21,zwf1egf,0.449166975266992,9.99990000099999E-06,6.53839615449999E-05,ACOS,24,20,10,20,10,24,0.42,,8.66466301860317E-18,6.13746963817724E-16,6.75843715451047E-16,4.78722631777825E-14
22,zwf1egf,0.160497815075983,0.042809571904281,0.083712465627637,ACOS,24,20,14,20,14,24,0.25,,0.001179071636773,0.002305236341962,0.091967587668264,0.179808434673004
23,zwf1egf,0.211042753657097,0.001789982100179,0.006037638036318,ACOS,24,14,0,14,0,24,0.58,,3.18516448573583E-05,0.000107436103686,0.002484428298874,0.008380016087472
24,zwf1egf,0.171854219483428,0.023149768502315,0.050454623658892,ACOS,24,2,16,2,16,24,0.42,,0.00056467998245,0.001230712782262,0.044045038631087,0.095995597016472
25,zwf1egf,0.309623029393208,9.99990000099999E-06,6.53839615449999E-05,ACOS,24,22,12,22,12,24,0.42,,2.22586121159092E-09,2.1999791044794E-08,1.73617174504092E-07,1.71598370149393E-06
26,zwf1egf,0.317554851890412,9.99990000099999E-06,6.53839615449999E-05,COS,24,6,18,6,18,24,0.5,,8.89741736574591E-10,1.01122602351013E-08,6.93998554528181E-08,7.88756298337905E-07
27,zwf1egf,0.273241117301559,1.9999800002E-05,0.000114863716228,ACOS,24,4,22,4,22,24,0.25,,1.12658721943556E-07,7.04117012147226E-07,8.78738031159739E-06,5.49211269474837E-05
28,zwf1egf,0.196867055698679,0.004859951400486,0.013862277484608,ACOS,24,12,12,12,12,24,0,,9.57145233260136E-05,0.000273011224252,0.007465732819429,0.02129487549166
29,zwf1egf,0.117764144626032,0.285667143328567,0.391640438434325,ACOS,24,18,18,18,18,24,0,,0.012830857254666,0.017590691397526,1.00080686586396,1
30,zwf1egf,0.299577173908795,9.99990000099999E-06,6.53839615449999E-05,ACOS,24,6,20,6,20,24,0.42,,6.88883402268518E-09,5.63029703777154E-08,5.37329053769444E-07,4.3916316894618E-06
31,zwf1egf,0.252378324611988,9.99990000099999E-05,0.000505947321479,ACOS,24,18,12,18,12,24,0.25,,8.68462414501698E-07,4.50117714833197E-06,6.77400683311325E-05,0.00035109181757
32,zwf1egf,0.154250434442757,0.05929940700593,0.109100640595326,ACOS,24,16,14,16,14,24,0.08,,0.00173558915191,0.003193183504596,0.135375953848955,0.249068313358467
33,zwf1egf,0.052120858690411,0.980280197198028,0.999010646685986,ACOS,24,12,12,12,12,24,0,,0.161688755424146,0.165584870012679,12.6117229230834,1
34,zwf1egf,0.125711887027789,0.213537864621354,0.309739223426878,ACOS,24,14,14,14,14,24,0,,0.008612251362737,0.012492173478373,0.671755606293476,0.974389531313062
35,zwf1egf,0.19697434027735,0.004839951600484,0.013862277484608,ACOS,24,6,2,6,2,24,0.17,,9.4945234864829E-05,0.000272646789308,0.007405728319457,0.021266449566007
36,zwf1egf,0.304765485340774,9.99990000099999E-06,6.53839615449999E-05,ACOS,24,10,0,10,0,24,0.42,,3.86063442440125E-09,3.34850944973577E-08,3.01129485103297E-07,2.6118373707939E-06
37,zwf1egf,0.348430441390469,9.99990000099999E-06,6.53839615449999E-05,ACOS,24,22,14,22,14,24,0.33,,2.03154184011321E-11,3.08359029302898E-10,1.5846026352883E-09,2.40520042856261E-08
38,zwf1egf,0.295398100851265,9.99990000099999E-06,6.53839615449999E-05,COS,24,12,0,12,0,24,0.5,,1.09079175998915E-08,8.428845418098E-08,8.50817572791539E-07,6.57449942611644E-06
39,zwf1egf,0.304842038157922,9.99990000099999E-06,6.53839615449999E-05,ACOS,24,10,18,10,18,24,0.67,,3.82751954206777E-09,3.34850944973577E-08,2.98546524281286E-07,2.6118373707939E-06
40,zwf1egf,0.178664474836146,0.015209847901521,0.035912140878591,ACOS,24,10,10,10,10,24,0,,0.000355657978348,0.000839748004433,0.027741322311137,0.06550034434574
41,zwf1egf,0.375227158844097,9.99990000099999E-06,6.53839615449999E-05,ACOS,24,6,14,6,14,24,0.67,,5.82405853524431E-13,1.12510221703583E-11,4.54276565749056E-11,8.77579729287949E-10
42,zwf1egf,0.176388835354063,0.017789822101779,0.040475785718333,ACOS,24,0,8,0,8,24,0.67,,0.000415790709663,0.000946523029059,0.032431675353748,0.073828796266619
43,zwf1egf,0.317417471245672,9.99990000099999E-06,6.53839615449999E-05,ACOS,24,4,20,4,20,24,0.33,,9.04155032785532E-10,1.01122602351013E-08,7.05240925572715E-08,7.88756298337905E-07
44,zwf1egf,0.105302215994431,0.425085749142509,0.517654565574688,ACOS,24,6,20,6,20,24,0.42,,0.023011879758737,0.028023062743448,1.7949266211815,1
45,zwf1egf,0.230354829339491,0.000329996700033,0.001361636869068,ACOS,24,16,10,16,10,24,0.25,,6.36882382421389E-06,2.66925107009585E-05,0.000496768258289,0.002082015834675
46,zwf1egf,0.121806357289214,0.247267527324727,0.347975824877513,ACOS,24,16,20,16,20,24,0.83,,0.010502863030181,0.014780519164989,0.81922331635409,1
47,zwf1egf,0.129982697291765,0.18149818501815,0.272567945698635,ACOS,24,16,22,16,22,24,0.75,,0.006892844109049,0.010351444333377,0.537641840505817,0.807412658003436
48,zwf1egf,0.207751242366861,0.002249977500225,0.007388387654585,ACOS,24,0,0,0,0,24,0,,4.1375326348748E-05,0.000135607933651,0.003227275455202,0.010577418824814
49,zwf1egf,0.126150957897182,0.209867901320987,0.30545841801856,ACOS,24,18,12,18,12,24,0.25,,0.008419616625741,0.012254578992945,0.656730096807788,0.955857161449691
50,zwf1egf,0.08955853509913,0.631343686563134,0.715522844771552,ACOS,24,0,22,0,22,24,0.08,,0.044859893584256,0.050841212728823,3.49907169957195,1
51,zwf1egf,0.241215389149415,0.000159998400016,0.000739123043552,ACOS,24,0,10,0,10,24,0.58,,2.43466050573549E-06,1.13706671971163E-05,0.000189903519447,0.000886912041375
52,zwf1egf,0.339595826522577,9.99990000099999E-06,6.53839615449999E-05,ACOS,24,0,10,0,10,24,0.58,,6.19940281171915E-11,8.49918127413109E-10,4.83553419314094E-09,6.62936139382225E-08
53,zwf1egf,0.307050566557134,9.99990000099999E-06,6.53839615449999E-05,ACOS,24,4,12,4,12,24,0.67,,2.98263170022664E-09,2.81692993910294E-08,2.32645272617678E-07,2.19720535250029E-06
54,zwf1egf,0.183249534070606,0.011469885301147,0.027540685045127,ACOS,24,4,0,4,0,24,0.17,,0.000258246478418,0.000620083352133,0.020143225316594,0.048366501466397
55,zwf1egf,0.12428840796222,0.225137748622514,0.323599804542495,ACOS,24,20,14,20,14,24,0.25,,0.00926361388091,0.013310387896613,0.722561882711012,1
56,zwf1egf,0.240067252580075,0.000179998200018,0.000822572419437,ACOS,24,2,6,2,6,24,0.83,,2.7003692212407E-06,1.23403969787881E-05,0.000210628799257,0.000962550964345
57,zwf1egf,0.164458295429657,0.035009649903501,0.072936770632294,ACOS,24,22,6,22,6,24,0.67,,0.000916569134279,0.001909519029749,0.07149239247379,0.148942484320395
58,zwf1egf,0.198838323490034,0.004209957900421,0.012339531777096,ACOS,24,0,8,0,8,24,0.67,,8.24727988292542E-05,0.000241730617258,0.006432878308682,0.018854988146136
59,zwf1egf,0.157228782625878,0.051259487405126,0.097255723871333,ACOS,24,22,20,22,20,24,0.08,,0.001445788603316,0.002743125698257,0.112771511058685,0.213963804464022
60,zwf1egf,0.121054897603536,0.2539974600254,0.355095133259194,ACOS,24,6,6,6,6,24,0,,0.010905491378398,0.015246163933616,0.850628327515043,1
61,zwf1egf,0.132121073040396,0.166928330716693,0.257759155260433,ACOS,24,22,16,22,16,24,0.25,,0.00615178435496,0.009507303094028,0.479839179686846,0.741569641334216
62,zwf1egf,0.093709721538548,0.575834241657583,0.66569998256657,ACOS,24,0,0,0,0,24,0,,0.037905144026814,0.043895602755847,2.9566012340915,1
63,zwf1egf,0.114770467592346,0.315886841131589,0.417164809833383,ACOS,24,10,4,10,4,24,0.25,,0.014831117778332,0.019636215127075,1.15682718670991,1
64,zwf1egf,0.135095996473547,0.1469985300147,0.232246748164489,ACOS,24,22,22,22,22,24,0,,0.00523839707167,0.008276277901337,0.408594971590234,0.645549676304274
65,zwf1egf,0.226870736941369,0.000459995400046,0.001810167083514,ACOS,24,2,10,2,10,24,0.67,,8.59593419034492E-06,3.38898391559288E-05,0.000670482866847,0.002643407454162
66,zwf1egf,0.129268773612957,0.186858131418686,0.277673796688607,ACOS,24,20,20,20,20,24,0,,0.007157246289429,0.010635768087438,0.558265210575431,0.829589910820133
67,zwf1egf,0.217010549735255,0.001189988100119,0.004249957500425,ACOS,24,14,10,14,10,24,0.17,,1.96354175058072E-05,7.01264910921686E-05,0.001531562565453,0.005469866305189
68,zwf1egf,0.138944804635139,0.124268757312427,0.203915914508809,ACOS,24,14,10,14,10,24,0.17,,0.004236628629717,0.006951996786214,0.330457033117891,0.542255749324725
69,zwf1egf,0.082550257259738,0.72390276097239,0.807503079824845,ACOS,24,0,2,0,2,24,0.92,,0.058898111502745,0.065699993146107,4.59405269721414,1
70,zwf1egf,0.044714180811011,0.994620053799462,0.999010646685986,ACOS,24,2,4,2,4,24,0.92,,0.19844025614316,0.200802640144865,15.4783399791665,1
71,zwf1egf,0.070536213815593,0.861481385186148,0.920831243948867,ACOS,24,18,18,18,18,24,0,,0.090699615218808,0.097096565410563,7.07456998706704,1
72,zwf1egf,0.150319320233229,0.072179278207218,0.127817471825282,ACOS,24,18,18,18,18,24,0,,0.00219891341059,0.003893909164586,0.171515246025984,0.303724914837679
73,zwf1egf,0.182858219575802,0.011709882901171,0.027958990073021,COS,24,12,0,12,0,24,0.5,,0.000265471404773,0.000633850264205,0.020706769572279,0.04944032060797
74,zwf1egf,0.114172234808632,0.321806781932181,0.420824253295929,ACOS,24,16,18,16,18,24,0.92,,0.015261486059829,0.019957327924391,1.19039591266663,1
75,zwf1egf,0.064787186775288,0.91250087499125,0.960774426909196,ACOS,24,20,20,20,20,24,0,,0.10981142658262,0.115806095031299,8.56529127344438,1
76,zwf1egf,0.197257567948614,0.004719952800472,0.013646122042181,ACOS,24,16,20,16,20,24,0.83,,9.29421667890822E-05,0.000268710346159,0.007249489009548,0.020959407000395
77,zwf1egf,0.294943112186133,9.99990000099999E-06,6.53839615449999E-05,ACOS,24,22,16,22,16,24,0.25,,1.14633763123098E-08,8.69988380844939E-08,8.94143352360163E-07,6.78590937059052E-06
78,zwf1egf,0.389033128177163,9.99990000099999E-06,6.53839615449999E-05,ACOS,24,12,22,12,22,24,0.58,,8.46361939688799E-14,2.39802549578493E-12,6.60162312957263E-12,1.87045988671225E-10
79,zwf1egf,0.264277729580531,1.9999800002E-05,0.000114863716228,ACOS,24,16,10,16,10,24,0.25,,2.75985812517308E-07,1.65202775098389E-06,2.152689337635E-05,0.000128858164577
80,zwf1egf,0.110907139026267,0.35939640603594,0.457315786123576,ACOS,24,0,10,0,10,24,0.58,,0.0178041366655,0.022654964319873,1.38872265990902,1
81,zwf1egf,0.19229602033684,0.006569934300657,0.01745138798612,COS,24,16,4,16,4,24,0.5,,0.000134499401139,0.000357264034276,0.010490953288866,0.027866594673551
82,zwf1egf,0.29993737890509,9.99990000099999E-06,6.53839615449999E-05,ACOS,24,8,0,8,0,24,0.33,,6.61938968757256E-09,5.51615807297713E-08,5.1631239563066E-07,4.30260329692216E-06
83,zwf1egf,0.376329087385858,9.99990000099999E-06,6.53839615449999E-05,ACOS,24,10,20,10,20,24,0.58,,5.00540444911036E-13,1.06364844543595E-11,3.90421547030608E-11,8.29645787440042E-10
84,zwf1egf,0.08299597146303,0.718522814771852,0.80361104283694,ACOS,24,6,6,6,6,24,0,,0.057913159374919,0.064771296669318,4.5172264312437,1
85,zwf1egf,0.259898078026836,2.9999700003E-05,0.000165582759757,ACOS,24,6,20,6,20,24,0.42,,4.23262250549624E-07,2.36692705899461E-06,3.30144555428706E-05,0.000184620310602
86,zwf1egf,0.246676186813977,0.000129998700013,0.000620780309051,ACOS,24,6,0,6,0,24,0.25,,1.47833523410802E-06,7.30572644762684E-06,0.00011531014826,0.000569846662915
87,zwf1egf,0.347925528979556,9.99990000099999E-06,6.53839615449999E-05,ACOS,24,14,8,14,8,24,0.25,,2.16689667620614E-11,3.17562443926762E-10,1.69017940744079E-09,2.47698706262874E-08
88,zwf1egf,0.186523018966048,0.009469905300947,0.023536314344459,ACOS,24,0,22,0,22,24,0.08,,0.000204601009896,0.000508511281904,0.015958878771849,0.039663879988514
89,zwf1egf,0.120864775328427,0.255527444725553,0.355107560035511,ACOS,24,20,20,20,20,24,0,,0.011009462496891,0.015296401312007,0.858738074757454,1
90,zwf1egf,0.189100690888071,0.008019919800802,0.020657369183884,ACOS,24,16,2,16,2,24,0.58,,0.000169889695342,0.00043759466982,0.013251396236668,0.034132384245964
91,zwf1egf,0.400149647502293,9.99990000099999E-06,6.53839615449999E-05,COS,24,2,14,2,14,24,0.5,,1.70541844005556E-14,5.57540643864319E-13,1.33022638324334E-12,4.34881702214169E-11
92,zwf1egf,0.238367638217401,0.000219997800022,0.000984200684309,ACOS,24,14,22,14,22,24,0.67,,3.14522887056957E-06,1.42204496807667E-05,0.000245327851904,0.0011091950751
93,zwf1egf,0.282985542235458,9.99990000099999E-06,6.53839615449999E-05,ACOS,24,8,2,8,2,24,0.25,,4.12062691948132E-08,2.69425606273779E-07,3.21408899719543E-06,2.10151972893547E-05
94,zwf1egf,0.230287300851797,0.000329996700033,0.001361636869068,ACOS,24,10,6,10,6,24,0.17,,6.40620256823004E-06,2.66925107009585E-05,0.000499683800322,0.002082015834675
95,zwf1egf,0.134726623659756,0.149288507114929,0.234991168606832,ACOS,24,12,20,12,20,24,0.67,,0.005344828039972,0.008413155248104,0.416896587117798,0.65622610935209
96,zwf1egf,0.120857589647801,0.255677443225568,0.355107560035511,ACOS,24,16,14,16,14,24,0.08,,0.011013408944645,0.015296401312007,0.859045897682305,1
97,zwf1egf,0.21489408617466,0.001369986300137,0.004733692500473,ACOS,24,2,16,2,16,24,0.42,,2.33429141718914E-05,8.13175288774904E-05,0.001820747305408,0.006342767252444
98,zwf1egf,0.160807552756583,0.042179578204218,0.083712465627637,ACOS,24,4,20,4,20,24,0.33,,0.001156294359746,0.002296378985477,0.090190960060211,0.179117560867241
99,zwf1egf,0.162091023031077,0.039549604503955,0.080545845259251,COS,24,12,0,12,0,24,0.5,,0.001066142295335,0.002172494432226,0.083159099036096,0.16945456571365
100,zwf1egf,0.260203301841312,2.9999700003E-05,0.000165582759757,ACOS,24,20,6,20,6,24,0.58,,4.10922567218684E-07,2.32856121423921E-06,3.20519602430573E-05,0.000181627774711
101,zwf1egf,0.211679888422441,0.001719982800172,0.005847941520585,ACOS,24,16,12,16,12,24,0.17,,3.02659709861092E-05,0.000102904301353,0.002360745736917,0.008026535505516
102,zwf1egf,0.230074597018678,0.000329996700033,0.001361636869068,ACOS,24,18,2,18,2,24,0.67,,6.52531241888885E-06,2.6924832796386E-05,0.000508974368673,0.002100136958118
103,zwf1egf,0.061948583474302,0.932890671093289,0.974148735171125,ACOS,24,18,16,18,16,24,0.08,,0.120247949502084,0.125566040634854,9.37934006116256,1
104,zwf1egf,0.146840770026066,0.085539144608554,0.147781042514778,ACOS,24,16,16,16,16,24,0,,0.002699488433368,0.004663750342201,0.210560097802696,0.36377252669165
105,zwf1egf,0.256791952345996,4.9999500005E-05,0.000272433173104,COS,24,2,14,2,14,24,0.5,,5.70920221656549E-07,3.11078325902607E-06,4.45317772892108E-05,0.000242641094204
106,zwf1egf,0.15561924088813,0.055639443605564,0.10371387514195,ACOS,24,8,18,8,18,24,0.58,,0.001596400172973,0.002975745936463,0.124519213491881,0.232108183044077
107,zwf1egf,0.049969440861671,0.985640143598564,0.999010646685986,ACOS,24,6,2,6,2,24,0.17,,0.171876018350926,0.174754324878334,13.4063294313722,1
108,zwf1egf,0.084345582782923,0.700952990470095,0.788108521031192,ACOS,24,20,20,20,20,24,0,,0.055009563596996,0.061849377060114,4.29074596056566,1
109,zwf1egf,0.323345613798355,9.99990000099999E-06,6.53839615449999E-05,ACOS,24,22,6,22,6,24,0.67,,4.49241900422291E-10,5.30355021331871E-09,3.50408682329387E-08,4.1367691663886E-07
110,zwf1egf,0.156702406293631,0.052609473905261,0.098933745175823,ACOS,24,12,8,12,8,24,0.17,,0.001493553037467,0.00280867274745,0.116497136922459,0.219076474301084
111,zwf1egf,0.202961698861947,0.0029999700003,0.009239038044402,ACOS,24,6,14,6,14,24,0.67,,6.01429369241698E-05,0.000185222812991,0.004691149080085,0.014447379413306
112,zwf1egf,0.101257295022384,0.475615243847562,0.568030033985374,ACOS,24,18,18,18,18,24,0,,0.027521561489883,0.032889853269104,2.14668179621083,1
113,zwf1egf,0.149676253136191,0.074509254907451,0.130853030312672,ACOS,24,14,22,14,22,24,0.67,,0.002284578418983,0.004012172843255,0.178197116680651,0.31294948177387
114,zwf1egf,0.493964797933689,9.99990000099999E-06,6.53839615449999E-05,ACOS,24,2,12,2,12,24,0.58,,4.01645453867473E-21,4.2674829473419E-19,3.13283454016629E-19,3.32863669892668E-17
115,zwf1egf,0.112720385024917,0.338656613433866,0.440150032750437,ACOS,24,18,18,18,18,24,0,,0.016350779329584,0.021251012890132,1.27536078770754,1
116,zwf1egf,0.273751692710911,1.9999800002E-05,0.000114863716228,ACOS,24,8,12,8,12,24,0.83,,1.06963176042243E-07,6.78497758476917E-07,8.34312773129498E-06,5.29228251611995E-05
117,zwf1egf,0.111101468469487,0.357246427535725,0.455945140248297,ACOS,24,6,20,6,20,24,0.42,,0.01764327940785,0.022517698943952,1.37617579381226,1
118,zwf1egf,0.402472864117276,9.99990000099999E-06,6.53839615449999E-05,ACOS,24,14,4,14,4,24,0.42,,1.21349470674305E-14,4.29779375304832E-13,9.46525871259582E-13,3.35227912737769E-11
119,zwf1egf,0.206278780763973,0.002459975400246,0.007802160784362,ACOS,24,22,6,22,6,24,0.67,,4.64562359351579E-05,0.000147342539347,0.003623586402942,0.011492718069034
120,zwf1egf,0.102996132863364,0.45379546204538,0.546354309828007,ACOS,24,0,22,0,22,24,0.08,,0.025499887208097,0.030700997346859,1.98899120223155,1
121,zwf1egf,0.151060232442597,0.069789302106979,0.124973645661033,ACOS,24,12,18,12,18,24,0.75,,0.002103830995347,0.003775173552717,0.164098817637063,0.294463537111928
122,zwf1egf,0.221507669233852,0.000779992200078,0.002907865658186,ACOS,24,4,22,4,22,24,0.25,,1.3527529670049E-05,5.04973264377485E-05,0.001055147314264,0.003938791462144
123,zwf1egf,0.233024783694436,0.000259997400026,0.001127539745011,ACOS,24,14,22,14,22,24,0.67,,5.04694918302942E-06,2.21123333798239E-05,0.000393662036276,0.001724762003626
124,zwf1egf,0.130755646628904,0.175938240617594,0.266098762499919,ACOS,24,18,18,18,18,24,0,,0.006616341265337,0.010006921842592,0.516074618696319,0.78053990372219
125,zwf1egf,0.143222379709118,0.101778982210178,0.172334930037154,ACOS,24,22,18,22,18,24,0.17,,0.003327283343683,0.005633846299065,0.259528100807302,0.439440011327106
126,zwf1egf,0.3098330682351,9.99990000099999E-06,6.53839615449999E-05,ACOS,24,12,20,12,20,24,0.67,,2.1730812169556E-09,2.19895123144317E-08,1.69500334922537E-07,1.71518196052567E-06
127,zwf1egf,0.176208989891343,0.0179998200018,0.040475785718333,ACOS,24,2,22,2,22,24,0.17,,0.000420924358805,0.000946523029059,0.032832099986803,0.073828796266619
128,zwf1egf,0.160452333042061,0.042939570604294,0.083712465627637,ACOS,24,6,12,6,12,24,0.75,,0.001182450641289,0.002305236341962,0.092231150020506,0.179808434673004
129,zwf1egf,0.203136050066031,0.0029999700003,0.009239038044402,COS,24,16,4,16,4,24,0.5,,5.93377337373602E-05,0.000184076911229,0.004628343231514,0.014357999075865
130,zwf1egf,0.099960799241091,0.493085069149308,0.58536635304038,ACOS,24,6,20,6,20,24,0.42,,0.029114443262497,0.034563235716651,2.27092657447473,1
131,zwf1egf,0.111190142431483,0.356236437635624,0.455945140248297,ACOS,24,18,20,18,20,24,0.92,,0.017570292152638,0.022492090858045,1.37048278790575,1
132,zwf1egf,0.162058333521226,0.039609603903961,0.080545845259251,ACOS,24,12,2,12,2,24,0.42,,0.001068356085495,0.002172494432226,0.083331774668595,0.16945456571365
133,zwf1egf,0.056474823412484,0.963470365296347,0.993871129249872,ACOS,24,8,8,8,8,24,0,,0.142301524447462,0.146791621092649,11.099518906902,1
134,zwf1egf,0.243632809464044,0.000149998500015,0.000708326250071,COS,24,12,0,12,0,24,0.5,,1.95468037071153E-06,9.23043508391554E-06,0.000152465068915,0.000719973936545
135,zwf1egf,0.044108486253812,0.995150048499515,0.999010646685986,ACOS,24,2,0,2,0,24,0.08,,0.201653559041721,0.203569507346155,15.7289776052542,1
136,zwf1egf,0.1704632844034,0.025269747302527,0.05424061920997,COS,24,4,16,4,16,24,0.5,,0.000619403867158,0.001329528502738,0.048313501638319,0.103703223213563
137,zwf1egf,0.076038497016809,0.803241967580324,0.876395723222255,ACOS,24,14,14,14,14,24,0,,0.074833074615244,0.081758500543647,5.83697981998905,1
138,zwf1egf,0.348744077957332,9.99990000099999E-06,6.53839615449999E-05,ACOS,24,12,4,12,4,24,0.33,,1.95166680112587E-11,3.07206811288331E-10,1.52230010487818E-09,2.39621312804899E-08
139,zwf1egf,0.1365716009497,0.138148618513815,0.223515689371408,ACOS,24,10,0,10,0,24,0.42,,0.004831787297367,0.007839469262003,0.376879409194656,0.611478602436218
140,zwf1egf,0.04233211654205,0.996660033399666,0.999010646685986,ACOS,24,22,22,22,22,24,0,,0.211255556271575,0.211753800508065,16.4779333891829,1
141,zwf1egf,0.050234664900174,0.985030149698503,0.999010646685986,ACOS,24,6,4,6,4,24,0.08,,0.170598451179497,0.173871323144572,13.3066791920008,1
142,zwf1egf,0.263620581353923,1.9999800002E-05,0.000114863716228,ACOS,24,10,4,10,4,24,0.25,,2.9440018953085E-07,1.73777889653626E-06,2.29632147834063E-05,0.00013554675393
143,zwf1egf,0.327048702124526,9.99990000099999E-06,6.53839615449999E-05,ACOS,24,8,6,8,6,24,0.08,,2.88413392871122E-10,3.55188476119346E-09,2.24962446439475E-08,2.77047011373089E-07
144,zwf1egf,0.177789614551574,0.015989840101599,0.037134874552894,ACOS,24,16,10,16,10,24,0.25,,0.000377749588923,0.000877287296679,0.029464467936002,0.068428409140989
145,zwf1egf,0.249693286410296,9.99990000099999E-05,0.000505947321479,ACOS,24,6,14,6,14,24,0.67,,1.11723397673163E-06,5.65267190608264E-06,8.7144250185067E-05,0.000440908408674
146,zwf1egf,0.176234392851162,0.017949820501795,0.040475785718333,ACOS,24,12,16,12,16,24,0.83,,0.000420195688599,0.000946523029059,0.032775263710725,0.073828796266619
147,zwf1egf,0.099625579663887,0.497585024149758,0.589063050873669,ACOS,24,20,20,20,20,24,0,,0.029538535648013,0.034969018524807,2.30400578054504,1
148,zwf1egf,0.085109582626971,0.69070309296907,0.778644070323222,ACOS,24,16,16,16,16,24,0,,0.05341759072964,0.060218769390177,4.16657207691189,1
149,zwf1egf,0.062726804274535,0.927650723492765,0.973460635764013,ACOS,24,16,10,16,10,24,0.25,,0.117319568460614,0.12311312739694,9.15092633992787,1
150,zwf1egf,0.116739176170567,0.295807041929581,0.400375773312331,ACOS,24,16,16,16,16,24,0,,0.013487721573892,0.01825567410479,1.05204228276354,1
151,zwf1egf,0.105749065238579,0.419705802941971,0.514796004777704,ACOS,24,12,10,12,10,24,0.08,,0.022554219516963,0.027697979760002,1.75922912232309,1
152,zwf1egf,0.056841588397187,0.9620003799962,0.993871129249872,ACOS,24,16,16,16,16,24,0,,0.140743423228305,0.145537603094963,10.9779870118078,1
153,zwf1egf,0.144424661588001,0.095959040409596,0.16378551073927,ACOS,24,2,0,2,0,24,0.08,,0.003105456272141,0.005300477572931,0.242225589226984,0.413437250688627
154,zwf1egf,0.207719199296976,0.002259977400226,0.007388387654585,ACOS,24,6,6,6,6,24,0,,4.14800738227996E-05,0.000135607933651,0.003235445758178,0.010577418824814
155,zwf1egf,0.077640336370199,0.785052149478505,0.862137373458307,ACOS,24,10,10,10,10,24,0,,0.070637180222754,0.077573130735582,5.5097000573748,1
156,zwf1egf,0.042341909975736,0.996640033599664,0.999010646685986,ACOS,24,4,4,4,4,24,0,,0.211201894980414,0.211753800508065,16.4737478084723,1
157,zwf1egf,0.250837798873051,9.99990000099999E-05,0.000505947321479,COS,24,2,14,2,14,24,0.5,,1.00380020467831E-06,5.13994080708773E-06,7.82964159649081E-05,0.000400915382953
158,zwf1egf,0.160489928208152,0.042809571904281,0.083712465627637,ACOS,24,6,22,6,22,24,0.33,,0.001179656942826,0.002305236341962,0.092013241540435,0.179808434673004
159,zwf1egf,0.109031977737426,0.380246197538025,0.478120218797812,ACOS,24,16,0,16,0,24,0.67,,0.019421622915183,0.024420679701043,1.51488658738424,1
160,zwf1egf,0.185274984506359,0.010279897201028,0.025254082719289,ACOS,24,14,4,14,4,24,0.42,,0.000223691113606,0.000549530192385,0.017447906861273,0.042863355006018
161,zwf1egf,0.225105751785184,0.000519994800052,0.002009070818383,ACOS,24,8,0,8,0,24,0.33,,9.99022492740981E-06,3.8598596310447E-05,0.000779237544338,0.003010690512215
162,zwf1egf,0.196525604341814,0.004989950100499,0.01407270695505,ACOS,24,4,20,4,20,24,0.33,,9.82020864883191E-05,0.00027785830318,0.007659762746089,0.021672947648034
163,zwf1egf,0.058461759012923,0.95370046299537,0.988591943348859,ACOS,24,18,18,18,18,24,0,,0.133999401722187,0.138901818858364,10.4519533343306,1
164,zwf1egf,0.131418101348736,0.171418285817142,0.261121044703531,ACOS,24,2,6,2,6,24,0.83,,0.006387216659974,0.009729631112863,0.498202899477963,0.758911226803349
165,zwf1egf,0.148403083888706,0.079379206207938,0.138262961632679,ACOS,24,0,6,0,6,24,0.75,,0.002463154275977,0.004290330193813,0.192126033526211,0.334645755117376
166,zwf1egf,0.140511015134454,0.115258847411526,0.190603152334235,ACOS,24,6,16,6,16,24,0.58,,0.003880650213986,0.006417417669042,0.30269071669087,0.50055857818529
167,zwf1egf,0.30320913679912,9.99990000099999E-06,6.53839615449999E-05,ACOS,24,22,12,22,12,24,0.42,,4.59755543201294E-09,3.907922117211E-08,3.58609323697009E-07,3.04817925142458E-06
168,zwf1egf,0.191946366959092,0.006709932900671,0.017712555793697,COS,24,8,20,8,20,24,0.5,,0.000138004947992,0.000364298775755,0.010764385943368,0.028415304508891
169,zwf1egf,0.09357195474329,0.577574224257757,0.66569998256657,ACOS,24,14,10,14,10,24,0.17,,0.038120941186519,0.043958373651897,2.97343341254847,1
170,zwf1egf,0.505908472494985,9.99990000099999E-06,6.53839615449999E-05,ACOS,24,20,6,20,6,24,0.58,,4.59981753540949E-22,6.51640817516344E-20,3.5878576776194E-20,5.08279837662748E-18
171,zwf1egf,0.142054530669012,0.107508924910751,0.180597996391578,ACOS,24,20,12,20,12,24,0.33,,0.00355629320207,0.005974010319682,0.27739086976144,0.465972804935226
172,zwf1egf,0.341982148189674,9.99990000099999E-06,6.53839615449999E-05,COS,24,6,18,6,18,24,0.5,,4.59885182838858E-11,6.51504009021716E-10,3.58710442614309E-09,5.08173127036938E-08
173,zwf1egf,0.096599362734135,0.537134628653713,0.628876631343879,ACOS,24,12,12,12,12,24,0,,0.033603950402098,0.03934346810163,2.62110813136362,1
174,zwf1egf,0.077947338081452,0.781062189378106,0.859977799185739,ACOS,24,18,10,18,10,24,0.33,,0.069854068888019,0.076911863412974,5.44861737326545,1
175,zwf1egf,0.114610152187227,0.317406825931741,0.417164809833383,ACOS,24,22,12,22,12,24,0.42,,0.014945412399728,0.019660198352377,1.16574216717874,1
176,zwf1egf,0.192694754505746,0.006339936600634,0.017162248759678,ACOS,24,6,22,6,22,24,0.33,,0.00013060370413,0.00035354505895,0.010187088922123,0.027576514598104
177,zwf1egf,0.094990805820998,0.558614413855861,0.652228367826212,ACOS,24,14,14,14,14,24,0,,0.035945823204789,0.041969711159437,2.80377420997352,1
178,zwf1egf,0.157413131804835,0.050749492505075,0.096719884819089,ACOS,24,4,22,4,22,24,0.25,,0.001429392875446,0.002724179246926,0.111492644284794,0.212485981260258
179,zwf1egf,0.168957707662604,0.027559724402756,0.058564414355857,ACOS,24,10,0,10,0,24,0.42,,0.000684129211796,0.001453774575067,0.053362078520096,0.113394416855203
180,zwf1egf,0.083308090024463,0.714322856771432,0.801021673160577,ACOS,24,4,4,4,4,24,0,,0.057231172273317,0.064177435926543,4.46403143731871,1
181,zwf1egf,0.137246106418186,0.133638663613364,0.218447815521845,ACOS,24,4,0,4,0,24,0.17,,0.004655478735151,0.007609917163227,0.36312734134175,0.593573538731707
182,zwf1egf,0.192359915307799,0.006549934500655,0.01745138798612,ACOS,24,22,8,22,8,24,0.58,,0.000133867893817,0.000357264034276,0.010441695717746,0.027866594673551
183,zwf1egf,0.0657343886812,0.904740952590474,0.956504738435203,ACOS,24,0,0,0,0,24,0,,0.106477982486092,0.112570006359675,8.30528263391521,1
184,zwf1egf,0.062106540322272,0.931940680593194,0.974148735171125,ACOS,24,8,10,8,10,24,0.92,,0.119649443655268,0.125248801855884,9.33265660511089,1
185,zwf1egf,0.245140942781139,0.000129998700013,0.000620780309051,ACOS,24,18,10,18,10,24,0.33,,1.70270128334938E-06,8.13087691487062E-06,0.000132810700101,0.00063420839936
186,zwf1egf,0.352982881584812,9.99990000099999E-06,6.53839615449999E-05,COS,24,8,20,8,20,24,0.5,,1.1310941064952E-11,1.92285998104184E-10,8.82253403066254E-10,1.49983078521263E-08
187,zwf1egf,0.194463417644914,0.005689943100569,0.015702765050272,ACOS,24,20,10,20,10,24,0.42,,0.000114564904261,0.000316169378643,0.008936062532379,0.024661211534163
188,zwf1egf,0.098353312221742,0.514434855651444,0.607318926810732,ACOS,24,14,14,14,14,24,0,,0.031195026054756,0.036827461314642,2.43321203227093,1
189,zwf1egf,0.042736714210059,0.996420035799642,0.999010646685986,ACOS,24,16,14,16,14,24,0.08,,0.209045297620144,0.210531401631661,16.3055332143712,1
190,zwf1egf,0.115937930882414,0.303556964430356,0.406953477635035,ACOS,24,20,18,20,18,24,0.08,,0.01402123707445,0.018798188506755,1.09365649180711,1
191,zwf1egf,0.149461407863268,0.075419245807542,0.131906088346524,ACOS,24,4,10,4,10,24,0.75,,0.002313865312279,0.004046883776619,0.18048149435773,0.315656934576277
192,zwf1egf,0.105689689823363,0.420315796842032,0.514796004777704,ACOS,24,14,14,14,14,24,0,,0.022614585827579,0.027697979760002,1.76393769455112,1
193,zwf1egf,0.176987524842201,0.017049829501705,0.039381399664264,ACOS,24,4,20,4,20,24,0.33,,0.000399116759067,0.000921872948932,0.031131107207223,0.071906090016683
194,zwf1egf,0.192404818507008,0.006539934600654,0.01745138798612,ACOS,24,22,22,22,22,24,0,,0.000133425756259,0.000357264034276,0.01040720898819,0.027866594673551
195,zwf1egf,0.115849682763472,0.30449695503045,0.406953477635035,ACOS,24,16,20,16,20,24,0.83,,0.014081095131012,0.018819073681384,1.09832542021892,1
196,zwf1egf,0.174902400353656,0.019429805701943,0.042674830983649,ACOS,24,20,18,20,18,24,0.08,,0.000460022922852,0.001011489748599,0.035881787982448,0.078896200390754
197,zwf1egf,0.230901815651557,0.000319996800032,0.001359986400136,ACOS,24,6,20,6,20,24,0.42,,6.0736294594452E-06,2.58129252026421E-05,0.000473743097837,0.002013408165806
198,zwf1egf,0.288222502690436,9.99990000099999E-06,6.53839615449999E-05,ACOS,24,12,2,12,2,24,0.42,,2.36742328381197E-08,1.59707126288903E-07,1.84659016137334E-06,1.24571558505344E-05
199,zwf1egf,0.121086420263289,0.253537464625354,0.355095133259194,ACOS,24,22,2,22,2,24,0.83,,0.010888335590535,0.015246163933616,0.849290176061689,1
200,zwf1egf,0.23290796270254,0.000259997400026,0.001127539745011,COS,24,4,16,4,16,24,0.5,,5.09884393228881E-06,2.21123333798239E-05,0.000397709826719,0.001724762003626
201,zwf1egf,0.154140350234074,0.059639403605964,0.109253217812649,ACOS,24,18,18,18,18,24,0,,0.001747249592143,0.003200780502848,0.136285468187137,0.249660879222125
202,zwf1egf,0.12748701425841,0.199648003519965,0.293600005176419,ACOS,24,22,18,22,18,24,0.17,,0.007856515324829,0.011553699007101,0.612808195336644,0.901188522553889
203,zwf1egf,0.428851720653926,9.99990000099999E-06,6.53839615449999E-05,ACOS,24,2,18,2,18,24,0.33,,2.22739684705566E-16,9.46643659998654E-15,1.73736954070341E-14,7.38382054798951E-13
204,zwf1egf,0.227243798274325,0.000439995600044,0.001764133302063,ACOS,24,6,14,6,14,24,0.67,,8.32597196776504E-06,3.33824347764164E-05,0.000649425813486,0.00260382991256
205,zwf1egf,0.175039109126625,0.019219807801922,0.042543845394879,ACOS,24,16,10,16,10,24,0.25,,0.000455779745371,0.001008887457202,0.035550820138965,0.078693221661771
206,zwf1egf,0.129718628417239,0.183458165418346,0.27454126867182,ACOS,24,22,0,22,0,24,0.92,,0.006989619826467,0.010459818402284,0.545190346464445,0.815865835378131
207,zwf1egf,0.136360638845651,0.139368606313937,0.223515689371408,ACOS,24,0,0,0,0,24,0,,0.004888139657484,0.007839469262003,0.381274893283759,0.611478602436218
208,zwf1egf,0.162816933861904,0.037909620903791,0.078211596524812,ACOS,24,12,20,12,20,24,0.67,,0.00101805342767,0.002100352945436,0.079408167358279,0.163827529744023
209,zwf1egf,0.237226091508111,0.000219997800022,0.000984200684309,ACOS,24,2,20,2,20,24,0.25,,3.48250679533089E-06,1.55796356633224E-05,0.000271635530036,0.001215211581739
210,zwf1egf,0.159138368877044,0.04589954100459,0.08826834808575,ACOS,24,0,0,0,0,24,0,,0.001283980603428,0.002469193468131,0.100150487067412,0.192597090514254
211,zwf1egf,0.114550672133403,0.318026819731803,0.417164809833383,ACOS,24,14,12,14,12,24,0.08,,0.014988010038047,0.019660198352377,1.16906478296767,1
212,zwf1egf,0.09395791311099,0.5730042699573,0.66569998256657,ACOS,24,14,0,14,0,24,0.58,,0.037518894016296,0.043686383443632,2.92647373327107,1
213,zwf1egf,0.131265289602982,0.172358276417236,0.261615240990447,ACOS,24,6,2,6,2,24,0.17,,0.006439437675176,0.009774146471249,0.502276138663717,0.762383424757428
214,zwf1egf,0.376336992236693,9.99990000099999E-06,6.53839615449999E-05,COS,24,20,8,20,8,24,0.5,,4.99996050363855E-13,1.06364844543595E-11,3.89996919283807E-11,8.29645787440042E-10
215,zwf1egf,0.141132799409625,0.112118878811212,0.186864798018686,ACOS,24,14,4,14,4,24,0.42,,0.003746926933002,0.00624487822167,0.292260300774166,0.487100501290276
216,zwf1egf,0.093543134551726,0.577984220157798,0.66569998256657,ACOS,24,2,10,2,10,24,0.67,,0.038166211476588,0.043958373651897,2.97696449517384,1
217,zwf1egf,0.070860969354359,0.858461415385846,0.920831243948867,ACOS,24,8,18,8,18,24,0.58,,0.089698760008999,0.096267608595517,6.99650328070191,1
218,zwf1egf,0.471613871532247,9.99990000099999E-06,6.53839615449999E-05,ACOS,24,10,20,10,20,24,0.58,,2.02245908305942E-19,1.71909022060051E-17,1.57751808478635E-17,1.3408903720684E-15
219,zwf1egf,0.380510562833673,9.99990000099999E-06,6.53839615449999E-05,ACOS,24,12,4,12,4,24,0.33,,2.80612985892392E-13,7.0153246473098E-12,2.18878128996066E-11,5.47195322490165E-10
220,zwf1egf,0.07595914798423,0.804221957780422,0.876395723222255,ACOS,24,2,2,2,2,24,0,,0.075045763020072,0.081780639188541,5.85356951556565,1
221,zwf1egf,0.444585976029185,9.99990000099999E-06,6.53839615449999E-05,ACOS,24,10,20,10,20,24,0.58,,1.82496798893444E-17,1.10801627899591E-15,1.42347503136886E-15,8.64252697616808E-14
222,zwf1egf,0.114865849619301,0.314726852731473,0.417164809833383,ACOS,24,6,4,6,4,24,0.08,,0.014763473773401,0.019607738605298,1.15155095432528,1
223,zwf1egf,0.152106317994869,0.066089339106609,0.120034056069696,ACOS,24,0,0,0,0,24,0,,0.001975930369646,0.003588762423502,0.154122568832362,0.279923469033136
224,zwf1egf,0.191039558214669,0.007069929300707,0.018547654029633,ACOS,24,22,18,22,18,24,0.17,,0.00014749953128,0.000386958646876,0.011504963439814,0.030182774456303
225,zwf1egf,0.24572262864475,0.000129998700013,0.000620780309051,ACOS,24,8,18,8,18,24,0.58,,1.61409628148837E-06,7.79535135946087E-06,0.000125899509956,0.000608037406038
226,zwf1egf,0.311480902673383,9.99990000099999E-06,6.53839615449999E-05,COS,24,22,10,22,10,24,0.5,,1.79919285746912E-09,1.86501698640091E-08,1.40337042882591E-07,1.45471324939271E-06
227,zwf1egf,0.103010997467547,0.453515464845352,0.546354309828007,ACOS,24,2,2,2,2,24,0,,0.025483155896994,0.030700997346859,1.9876861599655,1
228,zwf1egf,0.264277994001346,1.9999800002E-05,0.000114863716228,ACOS,24,6,22,6,22,24,0.33,,2.75978631489547E-07,1.65202775098389E-06,2.15263332561847E-05,0.000128858164577
229,zwf1egf,0.186284315147931,0.009679903200968,0.023918365467508,ACOS,24,6,22,6,22,24,0.33,,0.00020813026602,0.00051427536662,0.016234160749597,0.040113478596388
230,zwf1egf,0.11697288348881,0.293257067429326,0.399265176677307,ACOS,24,16,10,16,10,24,0.25,,0.013335445323755,0.018162671640322,1.04016473525291,1
231,zwf1egf,0.068470649648374,0.880951190488095,0.933676448771672,ACOS,24,16,14,16,14,24,0.08,,0.097260094112063,0.103081147126251,7.58628734074088,1
232,zwf1egf,0.111713997083894,0.35019649803502,0.449648071495116,ACOS,24,22,22,22,22,24,0,,0.017144347413349,0.022013134896293,1.33725909824118,1
233,zwf1egf,0.150907414807349,0.070279297207028,0.124973645661033,ACOS,24,18,12,18,12,24,0.25,,0.002123131446252,0.003775442948357,0.165604252807693,0.29448454997184
234,zwf1egf,0.20982670040518,0.0019999800002,0.006692846457362,ACOS,24,4,10,4,10,24,0.75,,3.50988211319123E-05,0.00011745668489,0.002737708048289,0.00916162142144
235,zwf1egf,0.1715150760826,0.023579764202358,0.051129590744909,ACOS,24,6,16,6,16,24,0.58,,0.000577594726165,0.00125243754398,0.045052388640861,0.097690128430437
236,zwf1egf,0.223441010056607,0.000609993900061,0.002335562229963,ACOS,24,2,16,2,16,24,0.42,,1.15006774055291E-05,4.403412520135E-05,0.000897052837631,0.003434661765705
237,zwf1egf,0.178208654810926,0.015619843801562,0.036676428815822,ACOS,24,4,20,4,20,24,0.33,,0.000367013812166,0.000861772763373,0.028627077348936,0.067218275543083
238,zwf1egf,0.122289107303411,0.242827571724283,0.342862850441263,ACOS,24,6,8,6,8,24,0.92,,0.010251095923432,0.014474138762321,0.799585482027706,1
239,zwf1egf,0.190424196412563,0.007339926600734,0.019137845431362,ACOS,24,0,16,0,16,24,0.33,,0.000154287390922,0.00040228307449,0.012034416491911,0.031378079810198
240,zwf1egf,0.139053489702046,0.12379876201238,0.203915914508809,ACOS,24,14,12,14,12,24,0.08,,0.004211014316995,0.006936748390399,0.328459116725645,0.54106637445116
241,zwf1egf,0.177846498262016,0.015919840801592,0.037134874552894,ACOS,24,12,4,12,4,24,0.33,,0.000376275320058,0.000877287296679,0.029349474964553,0.068428409140989
242,zwf1egf,0.214665465447453,0.001369986300137,0.004733692500473,ACOS,24,14,14,14,14,24,0,,2.3780944296901E-05,8.21699294811619E-05,0.001854913655158,0.006409254499531
243,zwf1egf,0.165966348608905,0.032189678103219,0.067392183221025,ACOS,24,22,22,22,22,24,0,,0.000831607605245,0.00174105040507,0.064865393209114,0.135801931595435
244,zwf1egf,0.203699742908078,0.002919970800292,0.009124908750913,ACOS,24,20,4,20,4,24,0.67,,5.68034448440985E-05,0.000177510765138,0.00443066869784,0.013845839680749
245,zwf1egf,0.109888586319238,0.37039629603704,0.468507219689708,ACOS,24,10,10,10,10,24,0,,0.01866785913942,0.023612619447183,1.45609301287474,1
246,zwf1egf,0.37556558751289,9.99990000099999E-06,6.53839615449999E-05,ACOS,24,10,20,10,20,24,0.58,,5.5595659807873E-13,1.12510221703583E-11,4.3364614650141E-11,8.77579729287949E-10
247,zwf1egf,0.182318465829119,0.012029879701203,0.028562563536376,ACOS,24,4,10,4,10,24,0.75,,0.000275746415423,0.000654705176284,0.021508220402993,0.051067003750122
248,zwf1egf,0.091475458220221,0.604523954760452,0.688800752743143,ACOS,24,18,18,18,18,24,0,,0.041530251002983,0.04731999108919,3.23935957823265,1
249,zwf1egf,0.114599976607232,0.317536824631754,0.417164809833383,ACOS,24,16,16,16,16,24,0,,0.014952692423892,0.019660198352377,1.16631000906359,1
250,zwf1egf,0.155127837432582,0.056949430505695,0.105692174519303,ACOS,24,2,2,2,2,24,0,,0.001645153938385,0.003053233291763,0.128322007194032,0.238152196757483
251,zwf1egf,0.135979327375576,0.141678583214168,0.225836692943932,ACOS,24,22,0,22,0,24,0.92,,0.004991483615519,0.007958922409784,0.389335722010514,0.62079594796317
252,zwf1egf,0.122960745427181,0.236977630223698,0.335718309483572,ACOS,24,14,14,14,14,24,0,,0.009909581289159,0.014038573492975,0.772947340554381,1
253,zwf1egf,0.218942785180487,0.0009999900001,0.003663756465884,ACOS,24,10,8,10,8,24,0.08,,1.67448421697572E-05,6.13496372598862E-05,0.001306097689241,0.004785271706271
254,zwf1egf,0.160101157035391,0.043679563204368,0.084766275624915,ACOS,24,18,18,18,18,24,0,,0.001208840632021,0.002345923600954,0.094289569297655,0.182982040874444
255,zwf1egf,0.535263130157588,9.99990000099999E-06,6.53839615449999E-05,COS,24,14,2,14,2,24,0.5,,1.80377422701439E-24,3.83302023240557E-22,1.40694389707122E-22,2.98975578127635E-20
256,zwf1egf,0.159031268635155,0.046209537904621,0.088464205448036,ACOS,24,18,18,18,18,24,0,,0.001292597932742,0.002474568114483,0.100822638753871,0.193016312929709
257,zwf1egf,0.144776290836062,0.094379056209438,0.161738301971819,ACOS,24,14,6,14,6,24,0.33,,0.003043144645681,0.005215066429091,0.237365282363121,0.406775181469058
258,zwf1egf,0.333547424170288,9.99990000099999E-06,6.53839615449999E-05,ACOS,24,10,18,10,18,24,0.67,,1.30977971724303E-10,1.68683751463118E-09,1.02162817944957E-08,1.31573326141232E-07
259,zwf1egf,0.090523517784407,0.617883821161788,0.702140705865669,ACOS,24,12,16,12,16,24,0.83,,0.043157824850653,0.049042982784833,3.36631033835095,1
260,zwf1egf,0.268547588690016,1.9999800002E-05,0.000114863716228,COS,24,18,6,18,6,24,0.5,,1.8073186153643E-07,1.11320349497077E-06,1.40970851998416E-05,8.68298726077199E-05
261,zwf1egf,0.112238800612056,0.344166558334417,0.444592058638684,ACOS,24,8,16,8,16,24,0.67,,0.016726510390086,0.021607194272907,1.30466781042668,1
262,zwf1egf,0.143941884595921,0.098379016209838,0.167244327556724,ACOS,24,2,10,2,10,24,0.67,,0.003192879592785,0.005427895307734,0.249044608237227,0.423375834003286
263,zwf1egf,0.22684888068627,0.000459995400046,0.001810167083514,ACOS,24,4,22,4,22,24,0.25,,8.61200618550662E-06,3.38898391559288E-05,0.00067173648247,0.002643407454162
264,zwf1egf,0.333725794474252,9.99990000099999E-06,6.53839615449999E-05,COS,24,12,0,12,0,24,0.5,,1.28143970867155E-10,1.68683751463118E-09,9.99522972763811E-09,1.31573326141232E-07
265,zwf1egf,0.231672608858972,0.00029999700003,0.00128786590922,ACOS,24,0,8,0,8,24,0.67,,5.67973579588556E-06,2.43827041742562E-05,0.000443019392079,0.001901850925592
266,zwf1egf,0.294543937201713,9.99990000099999E-06,6.53839615449999E-05,ACOS,24,22,14,22,14,24,0.33,,1.19732293898029E-08,8.92740787836183E-08,9.33911892404629E-07,6.96337814512223E-06
267,zwf1egf,0.124667735453481,0.222257777422226,0.321291004777027,ACOS,24,6,4,6,4,24,0.08,,0.009085956643993,0.013134461135025,0.708704618231489,1
268,zwf1egf,0.167220236649846,0.030389696103039,0.063938717048473,ACOS,24,20,14,20,14,24,0.25,,0.000766548791863,0.001612788299712,0.059790805765337,0.125797487377565
269,zwf1egf,0.208536155706551,0.002139978600214,0.007105397696023,ACOS,24,8,22,8,22,24,0.42,,3.88862020940677E-05,0.00012911434289,0.003033123763337,0.010070918745456
270,zwf1egf,0.146917199362327,0.085109148908511,0.147638319535172,COS,24,8,20,8,20,24,0.5,,0.002687466713439,0.004661932053925,0.209622403648248,0.363630700206144
271,zwf1egf,0.092960872589865,0.585834141658583,0.672917595148373,ACOS,24,18,22,18,22,24,0.83,,0.039090247672446,0.044900960164296,3.04903931845077,1
272,zwf1egf,0.050234664900174,0.985030149698503,0.999010646685986,ACOS,24,18,20,18,20,24,0.92,,0.170598451179497,0.173871323144572,13.3066791920008,1
273,zwf1egf,0.44258329304007,9.99990000099999E-06,6.53839615449999E-05,COS,24,8,20,8,20,24,0.5,,2.52154862684903E-17,1.33957270801355E-15,1.96680792894224E-15,1.04486671225057E-13
274,zwf1egf,0.168539965669886,0.028229717702823,0.059689701610447,ACOS,24,12,10,12,10,24,0.08,,0.000703163007162,0.001486787452954,0.054846714558611,0.115969421330396
275,zwf1egf,0.149817383038051,0.073919260807392,0.1303555429176,ACOS,24,4,20,4,20,24,0.33,,0.002265523269559,0.003995217384077,0.176710815025618,0.31162695595804
276,zwf1egf,0.198929794237118,0.004159958400416,0.012277655001228,ACOS,24,2,18,2,18,24,0.33,,8.19022999049225E-05,0.000241725537914,0.006388379392584,0.018854591957279
277,zwf1egf,0.064654320310979,0.91330086699133,0.960774426909196,ACOS,24,12,12,12,12,24,0,,0.110284942894614,0.116017576064879,8.60222554577992,1
278,zwf1egf,0.135947941494632,0.141878581214188,0.225836692943932,ACOS,24,12,20,12,20,24,0.67,,0.00500007596097,0.007958922409784,0.390005924955685,0.62079594796317
279,zwf1egf,0.306527834103097,9.99990000099999E-06,6.53839615449999E-05,ACOS,24,6,16,6,16,24,0.58,,3.16449279805338E-09,2.92371617211454E-08,2.46830438248164E-07,2.28049861424934E-06
280,zwf1egf,0.28885134487297,9.99990000099999E-06,6.53839615449999E-05,ACOS,24,22,6,22,6,24,0.67,,2.21358071230081E-08,1.51737387536749E-07,1.72659295559463E-06,1.18355162278664E-05
281,zwf1egf,0.311697839758969,9.99990000099999E-06,6.53839615449999E-05,ACOS,24,4,22,4,22,24,0.25,,1.75489812880128E-09,1.86457926185136E-08,1.368820540465E-07,1.45437182424406E-06
282,zwf1egf,0.248452749284478,0.000119998800012,0.00059999400006,ACOS,24,2,8,2,8,24,0.75,,1.25406397082826E-06,6.27031985414131E-06,9.78169897246044E-05,0.000489084948623
283,zwf1egf,0.356673702654471,9.99990000099999E-06,6.53839615449999E-05,ACOS,24,14,0,14,0,24,0.58,,6.99813543255707E-12,1.23925314951531E-10,5.45854563739451E-10,9.66617456621945E-09
284,zwf1egf,0.126830245462459,0.204607953920461,0.298826049540192,ACOS,24,18,4,18,4,24,0.58,,0.008129041275894,0.011872311141769,0.634065219519709,0.926040269057994
285,zwf1egf,0.1078410403631,0.394376056239438,0.492970070299297,ACOS,24,20,4,20,4,24,0.67,,0.020512424001612,0.025640530002015,1.59996907212573,1
286,zwf1egf,0.12306089043806,0.235907640923591,0.335320225393064,ACOS,24,0,0,0,0,24,0,,0.009859520063012,0.014014367982542,0.769042564914937,1
287,zwf1egf,0.187061847084189,0.009129908700913,0.022959829573302,ACOS,24,4,20,4,20,24,0.33,,0.000196838870368,0.00049500899353,0.015353431888728,0.038610701495322
288,zwf1egf,0.152412059337572,0.065229347706523,0.118980569850954,ACOS,24,0,0,0,0,24,0,,0.001939905457207,0.003538454160141,0.151312625662121,0.275999424490992
289,zwf1egf,0.059304672058298,0.9490005099949,0.986125224322329,ACOS,24,12,12,12,12,24,0,,0.130579993450904,0.135688257253384,10.1852394891705,1
290,zwf1egf,0.217014132092872,0.001189988100119,0.004249957500425,COS,24,22,10,22,10,24,0.5,,1.96296444794373E-05,7.01264910921686E-05,0.001531112269396,0.005469866305189
291,zwf1egf,0.316959547507399,9.99990000099999E-06,6.53839615449999E-05,COS,24,8,20,8,20,24,0.5,,9.5386013998815E-10,1.03946297306401E-08,7.44010909190757E-08,8.10781118989927E-07
292,zwf1egf,0.136418836295394,0.139108608913911,0.223515689371408,ACOS,24,10,0,10,0,24,0.42,,0.00487253569938,0.007839469262003,0.380057784551647,0.611478602436218
293,zwf1egf,0.105362115545163,0.424285757142429,0.517654565574688,ACOS,24,12,14,12,14,24,0.92,,0.022950080664048,0.028023062743448,1.79010629179571,1
294,zwf1egf,0.104338316184178,0.437275627243728,0.529464790822177,ACOS,24,18,0,18,0,24,0.75,,0.024025777736748,0.02909104141914,1.87401066346636,1
295,zwf1egf,0.150978788940925,0.070039299607004,0.124973645661033,ACOS,24,16,20,16,20,24,0.83,,0.002114097189522,0.003775173552717,0.16489958078268,0.294463537111928
296,zwf1egf,0.059892671168935,0.945760542394576,0.985167231661017,ACOS,24,16,14,16,14,24,0.08,,0.128230705539858,0.133573651604019,10.0019950321089,1
297,zwf1egf,0.19907506267457,0.004139958600414,0.012277655001228,ACOS,24,4,12,4,12,24,0.67,,8.10038921611864E-05,0.000240745833346,0.006318303588573,0.018778175001002
298,zwf1egf,0.29346364825638,9.99990000099999E-06,6.53839615449999E-05,ACOS,24,10,16,10,16,24,0.75,,1.34659153386524E-08,9.86726554987462E-08,1.05034139641489E-06,7.6964671289022E-06
299,zwf1egf,0.162346451004935,0.038969610303897,0.080010069464523,ACOS,24,14,22,14,22,24,0.67,,0.001048988580024,0.002153720514542,0.08182110924188,0.167990200134294
300,zwf1egf,0.13380122541432,0.155628443715563,0.242278712744008,ACOS,24,4,14,4,14,24,0.58,,0.00561996039186,0.00874902258806,0.438356910565043,0.682423761868657
301,zwf1egf,0.12736368176084,0.20049799502005,0.293833268563866,ACOS,24,8,12,8,12,24,0.83,,0.007907070615451,0.011587948315747,0.616751508005151,0.903859968628238
302,zwf1egf,0.19988371175581,0.003859961400386,0.011634635426695,COS,24,20,8,20,8,24,0.5,,7.61699556032222E-05,0.000229590291712,0.005941256537051,0.017908042753524
303,zwf1egf,0.154473068811597,0.058609413905861,0.108300003956482,ACOS,24,22,20,22,20,24,0.08,,0.001712223254884,0.003163890797068,0.13355341388094,0.246783482171303
304,zwf1egf,0.054475287999687,0.972150278497215,0.999010646685986,ACOS,24,16,10,16,10,24,0.25,,0.15100077332877,0.155388204999339,11.778060319644,1
305,zwf1egf,0.160539313524563,0.042709572904271,0.083712465627637,COS,24,16,4,16,4,24,0.5,,0.001175996301394,0.002305236341962,0.091727711508755,0.179808434673004
306,zwf1egf,0.12427427007319,0.225377746222538,0.323599804542495,ACOS,24,4,4,4,4,24,0,,0.009270293687994,0.013310387896613,0.723082907663538,1
307,zwf1egf,0.254282669210803,7.99992000079999E-05,0.000419748888931,COS,24,16,4,16,4,24,0.5,,7.25282899998664E-07,3.80549669752386E-06,5.65720661998958E-05,0.000296828742407
308,zwf1egf,0.09373053328935,0.575594244057559,0.66569998256657,ACOS,24,18,20,18,20,24,0.92,,0.037872631445142,0.043895602755847,2.9540652527211,1
309,zwf1egf,0.129512945872637,0.1849981500185,0.275874434238114,ACOS,24,18,12,18,12,24,0.25,,0.007065827104469,0.010536759717191,0.551134514148607,0.821867257940905
310,zwf1egf,0.155983024047334,0.054589454105459,0.102204925087313,COS,24,0,12,0,12,24,0.5,,0.001561160260811,0.002922877140285,0.121770500343241,0.227984416942192
311,zwf1egf,0.110631131593043,0.362526374736253,0.459921520187783,ACOS,24,20,10,20,10,24,0.42,,0.018034752608401,0.022879910025583,1.40671070345527,1
312,zwf1egf,0.261671546665974,1.9999800002E-05,0.000114863716228,ACOS,24,22,12,22,12,24,0.42,,3.56248051555741E-07,2.07404687549575E-06,2.77873480213478E-05,0.000161775656289
313,zwf1egf,0.133862134587082,0.155148448515515,0.242278712744008,ACOS,24,4,12,4,12,24,0.67,,0.005601472006757,0.00874902258806,0.436914816527023,0.682423761868657
314,zwf1egf,0.092749581067453,0.588654113458865,0.674334227008134,ACOS,24,20,20,20,20,24,0,,0.039430033272792,0.045169175582039,3.07554259527773,1
315,zwf1egf,0.184161663408465,0.010969890301097,0.026641162159807,ACOS,24,20,4,20,4,24,0.67,,0.000242111071751,0.000587984031395,0.01888466359656,0.045862754448788
316,zwf1egf,0.091943077294502,0.59880401195988,0.684117486782121,ACOS,24,0,20,0,20,24,0.17,,0.040749153905483,0.046554812929651,3.17843400462764,1
317,zwf1egf,0.291474960416139,9.99990000099999E-06,6.53839615449999E-05,ACOS,24,0,10,0,10,24,0.58,,1.66995021244393E-08,1.20293023777741E-07,1.30256116570627E-06,9.38285585466379E-06
318,zwf1egf,0.597323004930731,9.99990000099999E-06,6.53839615449999E-05,COS,24,10,22,10,22,24,0.5,,5.37102157354409E-30,2.28268416875624E-27,4.18939682736439E-28,1.78049365162987E-25
319,zwf1egf,0.222881123607331,0.000669993300067,0.002542385290433,ACOS,24,2,20,2,20,24,0.25,,1.2055794392406E-05,4.57474340783265E-05,0.000940351962608,0.003568299858109
320,zwf1egf,0.076884437207864,0.793482065179348,0.869149169333049,ACOS,24,0,22,0,22,24,0.08,,0.072594104058179,0.079516737692593,5.66234011653796,1
321,zwf1egf,0.082304986218194,0.727562724372756,0.809461146226234,ACOS,24,14,14,14,14,24,0,,0.05944569822409,0.066137229699576,4.63676446147898,1
322,zwf1egf,0.097741947421606,0.522244777552224,0.614831109306635,ACOS,24,18,18,18,18,24,0,,0.032017944230174,0.037694255672643,2.49739964995359,1
323,zwf1egf,0.074820108359409,0.816521834781652,0.885259642301536,ACOS,24,2,22,2,22,24,0.17,,0.078149887232198,0.084728831820622,6.09569120411141,1
324,zwf1egf,0.080479556528419,0.750012499875001,0.832259301427873,ACOS,24,12,10,12,10,24,0.08,,0.063647378078987,0.070626986118981,4.964495490161,1
325,zwf1egf,0.164000406904098,0.035719642803572,0.074052918007405,ACOS,24,22,6,22,6,24,0.67,,0.000943902393011,0.001956870814779,0.073624386654872,0.152635923552784
326,zwf1egf,0.261153110588459,1.9999800002E-05,0.000114863716228,COS,24,16,4,16,4,24,0.5,,3.74700612223835E-07,2.15199675939365E-06,2.92266477534591E-05,0.000167855747233
327,zwf1egf,0.11538259290421,0.309716902830972,0.412632237313991,ACOS,24,2,10,2,10,24,0.67,,0.014401599494632,0.019187083966202,1.12332476058129,1
328,zwf1egf,0.240668977714809,0.000159998400016,0.000739123043552,ACOS,24,20,6,20,6,24,0.58,,2.55783086259798E-06,1.18160664848276E-05,0.000199510807283,0.000921653185817
329,zwf1egf,0.175598213496572,0.018589814101859,0.041582478912053,ACOS,24,2,22,2,22,24,0.17,,0.00043880095686,0.000981528456135,0.034226474635118,0.076559219578554
330,zwf1egf,0.186658712636086,0.009379906200938,0.023449765502345,ACOS,24,18,4,18,4,24,0.58,,0.000202619768369,0.000506549420923,0.01580434193279,0.039510854831975
331,zwf1egf,0.195113029190359,0.005469945300547,0.015294254952187,COS,24,18,6,18,6,24,0.5,,0.0001091529335,0.000305197346958,0.008513928813019,0.023805393062717
332,zwf1egf,0.117395620438143,0.289127108728913,0.395109392957517,ACOS,24,4,4,4,4,24,0,,0.013063773249688,0.017852423251182,1.01897431347567,1
333,zwf1egf,0.38157962722855,9.99990000099999E-06,6.53839615449999E-05,ACOS,24,10,2,10,2,24,0.33,,2.41780189546472E-13,6.42228628482817E-12,1.88588547846248E-11,5.00938330216597E-10
334,zwf1egf,0.088012782034354,0.6520034799652,0.736972018577687,ACOS,24,16,16,16,16,24,0,,0.047698562909943,0.053914599033845,3.72048790697554,1
335,zwf1egf,0.283181992608011,9.99990000099999E-06,6.53839615449999E-05,ACOS,24,10,4,10,4,24,0.25,,4.03654251182457E-08,2.68051651175851E-07,3.14850315922317E-06,2.09080287917164E-05
336,zwf1egf,0.202307158703967,0.003179968200318,0.00972292435349,ACOS,24,2,8,2,8,24,0.75,,6.32586620147386E-05,0.000193416772347,0.00493417563715,0.015086508243083
337,zwf1egf,0.112590237902629,0.340116598834012,0.44069986129407,ACOS,24,12,20,12,20,24,0.67,,0.016451600187403,0.021316859998922,1.28322481461746,1
338,zwf1egf,0.159531962618914,0.044949550504495,0.086834358929138,ACOS,24,20,16,20,16,24,0.17,,0.001252761257377,0.002420106974478,0.097715378075398,0.188768344009291
339,zwf1egf,0.290837496563093,9.99990000099999E-06,6.53839615449999E-05,COS,24,6,18,6,18,24,0.5,,1.7886987533643E-08,1.26699495029971E-07,1.39518502762416E-06,9.88256061233777E-06
340,zwf1egf,0.160972574127601,0.041859581404186,0.083682261768932,ACOS,24,0,18,0,18,24,0.25,,0.001144324358917,0.002290402451814,0.089257299995489,0.17865139124146
341,zwf1egf,0.197830227326467,0.004519954800452,0.013157402672549,ACOS,24,0,10,0,10,24,0.58,,8.90129004985579E-05,0.000259112895287,0.006943006238888,0.020210805832378
342,zwf1egf,0.107940700953053,0.39309606903931,0.492819555580255,ACOS,24,12,16,12,16,24,0.83,,0.020419194770833,0.025599285479658,1.59269719212498,1
343,zwf1egf,0.078483956217349,0.774432255677443,0.854892749773801,ACOS,24,18,18,18,18,24,0,,0.068501312243288,0.075618331697136,5.34310235497647,1
344,zwf1egf,0.13646062934773,0.138948610513895,0.223515689371408,ACOS,24,2,0,2,0,24,0.08,,0.004861357508069,0.007839469262003,0.379185885629405,0.611478602436218
345,zwf1egf,0.161125227113972,0.041509584904151,0.083609353479925,ACOS,24,0,18,0,18,24,0.25,,0.001133352687023,0.002282819393292,0.088401509587771,0.178059912676791
346,zwf1egf,0.145803051783433,0.090149098509015,0.155114845612677,ACOS,24,18,20,18,20,24,0.92,,0.002867587442364,0.004934107947387,0.223671820504371,0.384860419896184
347,zwf1egf,0.20732667733999,0.002309976900231,0.007494199867162,ACOS,24,18,2,18,2,24,0.67,,4.27837196723387E-05,0.000138802143975,0.003337130134442,0.010826567230061
348,zwf1egf,0.106815410282287,0.406915930840692,0.502730437811901,ACOS,24,2,6,2,6,24,0.83,,0.021492997812487,0.02655384904159,1.67645382937396,1
349,zwf1egf,0.368772499279093,9.99990000099999E-06,6.53839615449999E-05,ACOS,24,2,20,2,20,24,0.25,,1.40230698509828E-12,2.59121942898594E-11,1.09379944837665E-10,2.02115115460904E-09
350,zwf1egf,0.102311406798502,0.462335376646234,0.555063658402964,ACOS,24,18,12,18,12,24,0.25,,0.026280633355223,0.031551607841723,2.04988940170742,1
351,zwf1egf,0.176331164006327,0.017859821401786,0.040475785718333,ACOS,24,8,14,8,14,24,0.75,,0.000417430564924,0.000946523029059,0.032559584064077,0.073828796266619
352,zwf1egf,0.127977354135675,0.196138038619614,0.289439813935194,ACOS,24,0,8,0,8,24,0.67,,0.007658321451589,0.01130134241988,0.597349073223979,0.881504708750664
353,zwf1egf,0.101169173829737,0.477145228547715,0.568030033985374,ACOS,24,22,22,22,22,24,0,,0.027627476746048,0.032889853269104,2.1549431861917,1
354,zwf1egf,0.101184775522147,0.476835231647684,0.568030033985374,ACOS,24,12,12,12,12,24,0,,0.027608699935955,0.032889853269104,2.1534785950045,1
355,zwf1egf,0.187381540769683,0.008889911100889,0.022489358439749,ACOS,24,14,0,14,0,24,0.58,,0.000192364461872,0.000486636287475,0.01500442802605,0.037957630423044
356,zwf1egf,0.130175541788472,0.180158198418016,0.2715150153463,ACOS,24,18,14,18,14,24,0.17,,0.006822920116048,0.010282769678441,0.532187769051733,0.802056034918391
357,zwf1egf,0.07904048889927,0.766872331276687,0.848751929147375,ACOS,24,20,16,20,16,24,0.17,,0.067119793711533,0.074286230019275,5.23534390949957,1
358,zwf1egf,0.123968552311633,0.228367716322837,0.325692212876529,ACOS,24,4,4,4,4,24,0,,0.00941577246103,0.013428534550126,0.734430251960324,1
359,zwf1egf,0.254967593981662,7.99992000079999E-05,0.000419748888931,ACOS,24,6,22,6,22,24,0.33,,6.79567468821309E-07,3.64257992440669E-06,5.30062625680621E-05,0.000284121234104
360,zwf1egf,0.193202645809875,0.006179938200618,0.016836370097838,ACOS,24,16,6,16,6,24,0.42,,0.000125794648859,0.000342709780546,0.009811982611007,0.026731362882551
361,zwf1egf,0.217793935348892,0.001069989300107,0.003886713269619,ACOS,24,16,2,16,2,24,0.58,,1.84106039367358E-05,6.68761254112198E-05,0.001436027107065,0.005216337782075
362,zwf1egf,0.194796109443061,0.005589944100559,0.015527622501553,ACOS,24,8,8,8,8,24,0,,0.000111762514018,0.000310451427827,0.008717476093379,0.024215211370497
363,zwf1egf,0.141181992934166,0.111938880611194,0.186864798018686,ACOS,24,12,22,12,22,24,0.58,,0.003736525686596,0.00624487822167,0.291449003554497,0.487100501290276
364,zwf1egf,0.140975032913077,0.112948870511295,0.187512773309767,ACOS,24,14,22,14,22,24,0.67,,0.003780459719823,0.006276153831738,0.294875858146198,0.489539998875525
365,zwf1egf,0.150991225249816,0.069999300007,0.124973645661033,COS,24,6,18,6,18,24,0.5,,0.002112526622263,0.003775173552717,0.164777076536531,0.294463537111928
366,zwf1egf,0.134118153029648,0.153418465815342,0.24060091502406,ACOS,24,18,18,18,18,24,0,,0.005524349467453,0.00866364768881,0.430899258461351,0.675764519727211
367,zwf1egf,0.135694857016934,0.143528564714353,0.227610597028358,ACOS,24,20,18,20,18,24,0.08,,0.005069844357009,0.008039865118391,0.395447859846694,0.627109479234496
368,zwf1egf,0.229901001516223,0.000349996500035,0.001430274158797,ACOS,24,2,20,2,20,24,0.25,,6.62408531099977E-06,2.70695793959125E-05,0.000516678654258,0.002111427192881
369,zwf1egf,0.378314187055575,9.99990000099999E-06,6.53839615449999E-05,ACOS,24,10,20,10,20,24,0.58,,3.80589568260113E-13,8.98614258391933E-12,2.96859863242888E-11,7.00919121545708E-10
370,zwf1egf,0.19988371175581,0.003859961400386,0.011634635426695,ACOS,24,4,20,4,20,24,0.33,,7.61699556032222E-05,0.000229590291712,0.005941256537051,0.017908042753524
371,zwf1egf,0.131978376229175,0.167758322416776,0.257759155260433,ACOS,24,14,14,14,14,24,0,,0.006198943410608,0.009531849061635,0.483517586027406,0.743484226807528
372,zwf1egf,0.205952641923156,0.002519974800252,0.007933254000793,COS,24,2,14,2,14,24,0.5,,4.76586931128445E-05,0.000150036626466,0.003717378062802,0.011702856864376
373,zwf1egf,0.29720762698442,9.99990000099999E-06,6.53839615449999E-05,ACOS,24,10,18,10,18,24,0.67,,8.94628309030651E-09,7.17390625166088E-08,6.97810081043908E-07,5.59564687629549E-06
374,zwf1egf,0.206952961942506,0.002359976400236,0.007598408864396,COS,24,4,16,4,16,24,0.5,,4.406080380605E-05,0.000141862436497,0.003436742696872,0.011065270046747
375,zwf1egf,0.18509373891699,0.010359896401036,0.025304344657703,ACOS,24,8,18,8,18,24,0.58,,0.000226597872517,0.000553471815056,0.017674634056322,0.04317080157435
376,zwf1egf,0.131723724840245,0.169378306216938,0.258941655187765,ACOS,24,10,6,10,6,24,0.17,,0.00628389775037,0.009606678215494,0.490144024528893,0.749320900808559
377,zwf1egf,0.052281769602257,0.979760202397976,0.999010646685986,ACOS,24,0,0,0,0,24,0,,0.160942968502801,0.165219230950943,12.5535515432185,1
378,zwf1egf,0.187934340104367,0.008559914400856,0.021784213295592,ACOS,24,2,20,2,20,24,0.25,,0.000184851073748,0.000470429379298,0.014418383752323,0.036693491585253
379,zwf1egf,0.219574432501514,0.000939990600094,0.003473878304695,COS,24,8,20,8,20,24,0.5,,1.58910397272133E-05,5.87277555136142E-05,0.001239501098723,0.004580764930062
380,zwf1egf,0.246305593508662,0.000129998700013,0.000620780309051,ACOS,24,14,22,14,22,24,0.67,,1.52974272560914E-06,7.47288113084923E-06,0.000119319932598,0.000582884728206
381,zwf1egf,0.072370308215998,0.843521564784352,0.909890012774999,ACOS,24,18,18,18,18,24,0,,0.085154746786647,0.091854739554124,6.64207024935843,1
382,zwf1egf,0.216792254655954,0.001209987900121,0.004285373812929,COS,24,6,18,6,18,24,0.5,,1.99902603321192E-05,7.07988386762556E-05,0.001559240305905,0.005522309416748
383,zwf1egf,0.170689857415132,0.024929750702493,0.053782457099287,ACOS,24,22,4,22,4,24,0.75,,0.000610168142306,0.001316352591269,0.047593115099849,0.102675502118963
384,zwf1egf,0.106067703623854,0.415555844441556,0.511916619964235,ACOS,24,10,10,10,10,24,0,,0.022232579643853,0.027387960430833,1.73414121222052,1
385,zwf1egf,0.234631788802651,0.000239997600024,0.001062489375106,ACOS,24,22,8,22,8,24,0.58,,4.38233952509848E-06,1.94009822725714E-05,0.000341822482958,0.001513276617261
386,zwf1egf,0.070457076902877,0.862331376686233,0.920831243948867,ACOS,24,2,2,2,2,24,0,,0.090944756280362,0.09711437542501,7.09369098986822,1
387,zwf1egf,0.326931517923364,9.99990000099999E-06,6.53839615449999E-05,ACOS,24,12,20,12,20,24,0.67,,2.92508156804167E-10,3.55188476119346E-09,2.2815636230725E-08,2.77047011373089E-07
388,zwf1egf,0.096599362734135,0.537134628653713,0.628876631343879,ACOS,24,12,12,12,12,24,0,,0.033603950402098,0.03934346810163,2.62110813136362,1
389,zwf1egf,0.136379227320395,0.139288607113929,0.223515689371408,ACOS,24,12,8,12,8,24,0.17,,0.004883150863554,0.007839469262003,0.380885767357221,0.611478602436218
390,zwf1egf,0.116909996948262,0.294047059529405,0.399265176677307,ACOS,24,4,10,4,10,24,0.75,,0.013376273466872,0.018162671640322,1.04334933041604,1
391,zwf1egf,0.176846988173164,0.017169828301717,0.039444200152593,ACOS,24,6,14,6,14,24,0.67,,0.000402974113576,0.000925751341999,0.031431980858935,0.072208604675931
392,zwf1egf,0.107596056702007,0.397246027539725,0.495101353971798,ACOS,24,10,10,10,10,24,0,,0.020743132260293,0.025852877450512,1.61796431630286,1
393,zwf1egf,0.174848199592931,0.019479805201948,0.042674830983649,ACOS,24,8,16,8,16,24,0.67,,0.000461715320537,0.001011489748599,0.036013795001897,0.078896200390754
394,zwf1egf,0.211871214748581,0.00169998300017,0.005826554637679,ACOS,24,10,20,10,20,24,0.58,,2.98045921614925E-05,0.000102152836037,0.002324758188596,0.007967921210915
395,zwf1egf,0.30773913718262,9.99990000099999E-06,6.53839615449999E-05,ACOS,24,8,2,8,2,24,0.25,,2.75852523703471E-09,2.66448460395398E-08,2.15164968488707E-07,2.0782979910841E-06
396,zwf1egf,0.169082530639611,0.027449725502745,0.058564414355857,ACOS,24,4,6,4,6,24,0.92,,0.000678534738022,0.001449131978189,0.052925709565748,0.113032294298707
397,zwf1egf,0.151341964638111,0.068719312806872,0.124279608267747,ACOS,24,0,0,0,0,24,0,,0.002068665656293,0.003741203846487,0.161355921190827,0.291813900025964
398,zwf1egf,0.405186187747841,9.99990000099999E-06,6.53839615449999E-05,COS,24,8,20,8,20,24,0.5,,8.13540590952429E-15,3.14322501049802E-13,6.34561660942895E-13,2.45171550818846E-11
399,zwf1egf,0.196455345437712,0.0049999500005,0.01407270695505,ACOS,24,10,0,10,0,24,0.42,,9.87214206592206E-05,0.00027785830318,0.007700270811419,0.021672947648034
400,zwf1egf,0.259566438977285,2.9999700003E-05,0.000165582759757,COS,24,8,20,8,20,24,0.5,,4.37074245992378E-07,2.41242278632157E-06,3.40917911874055E-05,0.000188168977333
401,zwf1egf,0.273970344075689,1.9999800002E-05,0.000114863716228,ACOS,24,14,8,14,8,24,0.25,,1.04610109342046E-07,6.73625704096506E-07,8.15958852867956E-06,5.25428049195275E-05
402,zwf1egf,0.190016432732565,0.007479925200748,0.019383952501938,ACOS,24,2,16,2,16,24,0.42,,0.000158945246294,0.000411900790702,0.012397729210965,0.032128261674757
403,zwf1egf,0.194361560325865,0.005729942700573,0.015711133211249,ACOS,24,14,8,14,8,24,0.25,,0.000115435988119,0.000316518031938,0.009004007073246,0.024688406491159
404,zwf1egf,0.227359136052141,0.000419995800042,0.00169998300017,ACOS,24,20,4,20,4,24,0.67,,8.24415739995772E-06,3.33692085236384E-05,0.000643044277197,0.002602798264844
405,zwf1egf,0.073813762779099,0.828021719782802,0.895443335642979,ACOS,24,10,4,10,4,24,0.25,,0.080972580912974,0.087565768162885,6.31586131121195,1
406,zwf1egf,0.221492089636877,0.000779992200078,0.002907865658186,ACOS,24,12,8,12,8,24,0.17,,1.35451652091843E-05,5.04973264377485E-05,0.001056522886316,0.003938791462144
407,zwf1egf,0.113290456809298,0.3319966800332,0.432817757711993,ACOS,24,22,20,22,20,24,0.08,,0.015915374073515,0.020748570494614,1.2413991777342,1
408,zwf1egf,0.10459545760448,0.434015659843402,0.52701901552413,ACOS,24,2,22,2,22,24,0.17,,0.023751694026987,0.028841342747056,1.85263213410498,1
409,zwf1egf,0.157027754598206,0.051709482905171,0.097673467709767,COS,24,4,16,4,16,24,0.5,,0.001463863247467,0.002765075022993,0.114181333302396,0.215675851793415
410,zwf1egf,0.216407260682763,0.001229987700123,0.004320204731837,ACOS,24,2,0,2,0,24,0.08,,2.06309532736431E-05,7.24640920768457E-05,0.001609214355344,0.005652199181994
411,zwf1egf,0.069403284793639,0.871791282087179,0.926278237217628,ACOS,24,0,0,0,0,24,0,,0.094256054953339,0.100147058387922,7.3519722863604,1
412,zwf1egf,0.119517210711605,0.268347316526835,0.371490584768419,ACOS,24,2,2,2,2,24,0,,0.011771420487691,0.016295940414556,0.91817079803988,1
413,zwf1egf,0.047222469355572,0.991230087699123,0.999010646685986,ACOS,24,22,22,22,22,24,0,,0.185465580031896,0.188121411726864,14.4663152424879,1
414,zwf1egf,0.175288583659681,0.018959810401896,0.042188059794795,ACOS,24,8,4,8,4,24,0.17,,0.000448129884959,0.000997147649779,0.034954131026837,0.077777516682753
415,zwf1egf,0.075341998033324,0.81130188698113,0.881849877153402,ACOS,24,22,22,22,22,24,0,,0.076715747224943,0.083386681766243,5.98382828354556,1
416,zwf1egf,0.069628509003858,0.869981300186998,0.926278237217628,ACOS,24,22,2,22,2,24,0.83,,0.093540971494045,0.099636373145286,7.2961957765355,1
417,zwf1egf,0.441353882401074,9.99990000099999E-06,6.53839615449999E-05,ACOS,24,8,0,8,0,24,0.33,,3.07296832895831E-17,1.4511239331192E-15,2.39691529658748E-15,1.13187666783298E-13
418,zwf1egf,0.117808030398941,0.285307146928531,0.391640438434325,ACOS,24,22,0,22,0,24,0.92,,0.012803361211338,0.017590691397526,0.998662174484381,1
419,zwf1egf,0.188329807004403,0.008369916300837,0.021429002577444,ACOS,24,4,14,4,14,24,0.58,,0.000179645390693,0.000459935488221,0.014012340474085,0.03587496808124
420,zwf1egf,0.161253075750749,0.041289587104129,0.083562259615499,ACOS,24,6,22,6,22,24,0.33,,0.001124238033902,0.00227524364004,0.087690566644359,0.177469003923107
421,zwf1egf,0.206633336166355,0.00239997600024,0.007669096241368,ACOS,24,6,0,6,0,24,0.25,,4.51815392868876E-05,0.000144377099225,0.003524160064377,0.011261413739551
422,zwf1egf,0.118762191209529,0.275787242127579,0.380550577611107,ACOS,24,12,12,12,12,24,0,,0.012218021038041,0.016859282276518,0.953005640967223,1
423,zwf1egf,0.226543668603275,0.000469995300047,0.001832550481835,ACOS,24,2,20,2,20,24,0.25,,8.83945742500364E-06,3.44657743635463E-05,0.00068947767915,0.002688330400357
424,zwf1egf,0.305740647947042,9.99990000099999E-06,6.53839615449999E-05,ACOS,24,6,14,6,14,24,0.67,,3.45887059790735E-09,3.12770213640558E-08,2.69791906636773E-07,2.43960766639635E-06
425,zwf1egf,0.296577591565012,9.99990000099999E-06,6.53839615449999E-05,ACOS,24,18,8,18,8,24,0.42,,9.58686861994865E-09,7.54522067310773E-08,7.47775752355994E-07,5.88527212502403E-06
