Experiment ID,26524.0,
Experiment name,"Flavin-based yeast metabolic oscillations, zwf1Î”, 10 g/L glucose, experiment ID IS20016",
Job,2d74efe3-febd-45e8-a3b9-c806d89aa2b0,
Method,BD2 eJTK,
Submitted,2023-09-22T10:21:30.888178924,Finished,2023-09-22T10:21:39.358837508,
NULL_SIZE,100000,
DW_END,0.0,
PERIOD_MIN,24.0,
DATA_SET_ID,26524_LIN_DTR,
PERIOD_MAX,24.0,
DW_START,0.0,
PRESET,EJTK_CLASSIC,
METHOD,BD2EJTK,
DATA_SET_TYPE_NAME,linear dtr,
PARAMS_SUMMARY,linear dtr min-max p(24.0),
DATA_SET_TYPE,LIN_DTR,


Individual Results,

Data Id,Data Label,,tau,emp p,emp p BH Corrected,Pattern Shape,Pattern Period,Pattern Peak,P. Trough,P. Circ. Peak,P. Circ. Trough,P. Width,P. Asym,,JTK p from tau,JTK p BH Corrected,bf corrected JTK p,BH bf corrected p,
1,zwf1egf,,0.10744322139419205,0.3991960080399196,0.49607691057592346,ACOS,24.0,10.0,10.0,10.0,10.0,24.0,0.0,,0.020888171803036856,0.025957523439446385,1.6292774006368749,1.0,
2,zwf1egf,,0.39449872539257996,9.99990000099999E-6,6.538396154499993E-5,ACOS,24.0,18.0,12.0,18.0,12.0,24.0,0.25,,3.871341075847291E-14,1.1752285408822133E-12,3.0196460391608867E-12,9.166782618881263E-11,
3,zwf1egf,,0.11646050455529777,0.2986170138298617,0.40162098379016214,ACOS,24.0,10.0,10.0,10.0,10.0,24.0,0.0,,0.013671255158921211,0.018386972919435172,1.0663579023958545,1.0,
4,zwf1egf,,0.254873765665681,7.999920000799993E-5,4.197488889308638E-4,ACOS,24.0,20.0,12.0,20.0,12.0,24.0,0.33,,6.856621034177307E-7,3.6425799244066945E-6,5.3481644066583E-5,2.8412123410372217E-4,
5,zwf1egf,,0.11204555961088364,0.3459765402345977,0.44557584727183036,ACOS,24.0,4.0,4.0,4.0,4.0,24.0,0.0,,0.016879340056506893,0.021738544012167967,1.3165885244075377,1.0,
6,zwf1egf,,0.10713755077856134,0.4027359726402736,0.49901687572045567,ACOS,24.0,10.0,10.0,10.0,10.0,24.0,0.0,,0.021180827361666363,0.026244465389819838,1.6521045342099763,1.0,
7,zwf1egf,,0.35259625888034146,9.99990000099999E-6,6.538396154499993E-5,ACOS,24.0,8.0,22.0,8.0,22.0,24.0,0.42,,1.1891068560528736E-11,1.9437323608556587E-10,9.275033477212415E-10,1.516111241467414E-8,
8,zwf1egf,,0.2901839687047988,9.99990000099999E-6,6.538396154499993E-5,ACOS,24.0,10.0,18.0,10.0,18.0,24.0,0.67,,1.918928294180204E-8,1.3369582377485028E-7,1.496764069460559E-6,1.042827425443832E-5,
9,zwf1egf,,0.12398284334522613,0.22815771842281576,0.32569221287652894,ACOS,24.0,16.0,12.0,16.0,12.0,24.0,0.17,,0.009408927704677475,0.013428534550126391,0.7338963609648431,1.0,
10,zwf1egf,,0.11650559730250848,0.2979570204297957,0.40162098379016214,ACOS,24.0,2.0,22.0,2.0,22.0,24.0,0.17,,0.01364141166613845,0.018386972919435172,1.0640301099587992,1.0,
11,zwf1egf,,0.031945042423155254,0.999820001799982,0.999820001799982,ACOS,24.0,6.0,6.0,6.0,6.0,24.0,0.0,,0.27250078785603954,0.27250078785603954,21.255061452771084,1.0,
12,zwf1egf,,0.18338561252989866,0.011399886001139989,0.027528133809570997,ACOS,24.0,2.0,22.0,2.0,22.0,24.0,0.17,,2.5577728007376133E-4,6.176440001781168E-4,0.019950627845753383,0.048176232013893115,
13,zwf1egf,,0.14310116821005875,0.1022789772102279,0.1724943068029637,COS,24.0,8.0,20.0,8.0,20.0,24.0,0.5,,0.003350419798163457,0.005650509580235989,0.2613327442567496,0.44073974725840714,
14,zwf1egf,,0.16092317226996,0.041939580604193956,0.0836822617689316,ACOS,24.0,10.0,4.0,10.0,4.0,24.0,0.25,,0.0011478958170265772,0.002290402451813593,0.08953587372807302,0.17865139124146026,
15,zwf1egf,,0.1287313123079394,0.19070809291907082,0.2824074546710979,ACOS,24.0,8.0,10.0,8.0,10.0,24.0,0.92,,0.0073621584540089985,0.010902151020745033,0.5742483594127019,0.8503677796181126,
16,zwf1egf,,0.13193746517456287,0.16799832001679985,0.25775915526043297,ACOS,24.0,16.0,18.0,16.0,18.0,24.0,0.92,,0.006212522800171499,0.009531849061634972,0.48457677841337693,0.7434842268075278,
17,zwf1egf,,0.07153243949299837,0.8515814841851581,0.9162585589333979,ACOS,24.0,6.0,6.0,6.0,6.0,24.0,0.0,,0.08765545391218255,0.09431283015867742,6.837125405150239,1.0,
18,zwf1egf,,0.19914375870276838,0.004129958700412996,0.012277655001227765,ACOS,24.0,6.0,14.0,6.0,14.0,24.0,0.67,,8.058228081512573E-5,2.4074583334618348E-4,0.006285417903579807,0.018778175001002314,
19,zwf1egf,,0.10950695418630833,0.3745062549374506,0.4723001731407018,ACOS,24.0,16.0,6.0,16.0,6.0,24.0,0.42,,0.01900054002213337,0.023962105369159294,1.482042121726403,1.0,
20,zwf1egf,,0.13220254126027897,0.16641833581664184,0.25775915526043297,ACOS,24.0,10.0,10.0,10.0,10.0,24.0,0.0,,0.006125003151824465,0.009500461093158385,0.47775024584230824,0.7410359652663541,
21,zwf1egf,,0.44916697526699195,9.99990000099999E-6,6.538396154499993E-5,ACOS,24.0,20.0,10.0,20.0,10.0,24.0,0.42,,8.664663018603167E-18,6.137469638177243E-16,6.75843715451047E-16,4.7872263177782495E-14,
22,zwf1egf,,0.16049781507598282,0.04280957190428096,0.08371246562763732,ACOS,24.0,20.0,14.0,20.0,14.0,24.0,0.25,,0.0011790716367726128,0.0023052363419615953,0.0919675876682638,0.17980843467300442,
23,zwf1egf,,0.21104275365709682,0.0017899821001789982,0.00603763803631805,ACOS,24.0,14.0,0.0,14.0,0.0,24.0,0.58,,3.185164485735829E-5,1.0743610368553392E-4,0.0024844282988739468,0.008380016087471645,
24,zwf1egf,,0.1718542194834284,0.023149768502314975,0.05045462365889162,ACOS,24.0,2.0,16.0,2.0,16.0,24.0,0.42,,5.646799824498373E-4,0.0012307127822624659,0.04404503863108731,0.09599559701647234,
25,zwf1egf,,0.3096230293932084,9.99990000099999E-6,6.538396154499993E-5,ACOS,24.0,22.0,12.0,22.0,12.0,24.0,0.42,,2.225861211590922E-9,2.1999791044793995E-8,1.7361717450409192E-7,1.7159837014939318E-6,
26,zwf1egf,,0.31755485189041155,9.99990000099999E-6,6.538396154499993E-5,COS,24.0,6.0,18.0,6.0,18.0,24.0,0.5,,8.897417365745912E-10,1.0112260235101342E-8,6.939985545281811E-8,7.887562983379048E-7,
27,zwf1egf,,0.2732411173015587,1.999980000199998E-5,1.148637162277026E-4,ACOS,24.0,4.0,22.0,4.0,22.0,24.0,0.25,,1.1265872194355624E-7,7.041170121472264E-7,8.787380311597387E-6,5.492112694748367E-5,
28,zwf1egf,,0.19686705569867927,0.0048599514004859954,0.013862277484607706,ACOS,24.0,12.0,12.0,12.0,12.0,24.0,0.0,,9.57145233260136E-5,2.730112242520522E-4,0.00746573281942906,0.02129487549166007,
29,zwf1egf,,0.11776414462603242,0.28566714332856674,0.3916404384343254,ACOS,24.0,18.0,18.0,18.0,18.0,24.0,0.0,,0.012830857254666123,0.017590691397526136,1.0008068658639575,1.0,
30,zwf1egf,,0.29957717390879524,9.99990000099999E-6,6.538396154499993E-5,ACOS,24.0,6.0,20.0,6.0,20.0,24.0,0.42,,6.888834022685179E-9,5.6302970377715405E-8,5.37329053769444E-7,4.391631689461801E-6,
31,zwf1egf,,0.25237832461198756,9.99990000099999E-5,5.059473214791662E-4,ACOS,24.0,18.0,12.0,18.0,12.0,24.0,0.25,,8.684624145016983E-7,4.501177148331973E-6,6.774006833113247E-5,3.5109181756989394E-4,
32,zwf1egf,,0.1542504344427569,0.05929940700592994,0.10910064059532565,ACOS,24.0,16.0,14.0,16.0,14.0,24.0,0.08,,0.0017355891519096817,0.0031931835045957346,0.13537595384895518,0.24906831335846732,
33,zwf1egf,,0.0521208586904112,0.9802801971980281,0.9990106466859859,ACOS,24.0,12.0,12.0,12.0,12.0,24.0,0.0,,0.16168875542414574,0.16558487001267935,12.611722923083367,1.0,
34,zwf1egf,,0.12571188702778932,0.2135378646213538,0.3097392234268784,ACOS,24.0,14.0,14.0,14.0,14.0,24.0,0.0,,0.008612251362736866,0.012492173478372587,0.6717556062934755,0.9743895313130618,
35,zwf1egf,,0.19697434027734959,0.004839951600483995,0.013862277484607706,ACOS,24.0,6.0,2.0,6.0,2.0,24.0,0.17,,9.494523486482898E-5,2.7264678930778594E-4,0.00740572831945666,0.021266449566007303,
36,zwf1egf,,0.30476548534077397,9.99990000099999E-6,6.538396154499993E-5,ACOS,24.0,10.0,0.0,10.0,0.0,24.0,0.42,,3.8606344244012465E-9,3.348509449735775E-8,3.0112948510329724E-7,2.6118373707939045E-6,
37,zwf1egf,,0.348430441390469,9.99990000099999E-6,6.538396154499993E-5,ACOS,24.0,22.0,14.0,22.0,14.0,24.0,0.33,,2.0315418401132112E-11,3.083590293028981E-10,1.5846026352883046E-9,2.4052004285626052E-8,
38,zwf1egf,,0.295398100851265,9.99990000099999E-6,6.538396154499993E-5,COS,24.0,12.0,0.0,12.0,0.0,24.0,0.5,,1.0907917599891528E-8,8.428845418097998E-8,8.508175727915391E-7,6.574499426116439E-6,
39,zwf1egf,,0.30484203815792205,9.99990000099999E-6,6.538396154499993E-5,ACOS,24.0,10.0,18.0,10.0,18.0,24.0,0.67,,3.8275195420677725E-9,3.348509449735775E-8,2.985465242812863E-7,2.6118373707939045E-6,
40,zwf1egf,,0.1786644748361458,0.015209847901520985,0.035912140878591216,ACOS,24.0,10.0,10.0,10.0,10.0,24.0,0.0,,3.5565797834790833E-4,8.397480044325613E-4,0.02774132231113685,0.06550034434573979,
41,zwf1egf,,0.3752271588440966,9.99990000099999E-6,6.538396154499993E-5,ACOS,24.0,6.0,14.0,6.0,14.0,24.0,0.67,,5.824058535244309E-13,1.1251022170358324E-11,4.5427656574905605E-11,8.775797292879492E-10,
42,zwf1egf,,0.1763888353540625,0.01778982210177898,0.040475785718333296,ACOS,24.0,0.0,8.0,0.0,8.0,24.0,0.67,,4.1579070966343346E-4,9.465230290592227E-4,0.03243167535374781,0.07382879626661937,
43,zwf1egf,,0.31741747124567166,9.99990000099999E-6,6.538396154499993E-5,ACOS,24.0,4.0,20.0,4.0,20.0,24.0,0.33,,9.041550327855317E-10,1.0112260235101342E-8,7.052409255727148E-8,7.887562983379048E-7,
44,zwf1egf,,0.10530221599443135,0.4250857491425086,0.5176545655746881,ACOS,24.0,6.0,20.0,6.0,20.0,24.0,0.42,,0.02301187975873715,0.02802306274344782,1.7949266211814976,1.0,
45,zwf1egf,,0.23035482933949103,3.2999670003299966E-4,0.0013616368690682024,ACOS,24.0,16.0,10.0,16.0,10.0,24.0,0.25,,6.3688238242138885E-6,2.6692510700958486E-5,4.967682582886833E-4,0.0020820158346747616,
46,zwf1egf,,0.1218063572892137,0.24726752732472676,0.34797582487751283,ACOS,24.0,16.0,20.0,16.0,20.0,24.0,0.83,,0.01050286303018064,0.014780519164989313,0.81922331635409,1.0,
47,zwf1egf,,0.12998269729176543,0.18149818501814982,0.27256794569863485,ACOS,24.0,16.0,22.0,16.0,22.0,24.0,0.75,,0.006892844109048939,0.01035144433337738,0.5376418405058172,0.8074126580034358,
48,zwf1egf,,0.2077512423668614,0.002249977500224998,0.007388387654584992,ACOS,24.0,0.0,0.0,0.0,0.0,24.0,0.0,,4.137532634874801E-5,1.3560793365146025E-4,0.0032272754552023445,0.010577418824813901,
49,zwf1egf,,0.12615095789718178,0.2098679013209868,0.30545841801855955,ACOS,24.0,18.0,12.0,18.0,12.0,24.0,0.25,,0.008419616625740867,0.012254578992944755,0.6567300968077876,0.9558571614496908,
50,zwf1egf,,0.08955853509912996,0.6313436865631343,0.7155228447715521,ACOS,24.0,0.0,22.0,0.0,22.0,24.0,0.08,,0.04485989358425574,0.05084121272882317,3.4990716995719477,1.0,
51,zwf1egf,,0.24121538914941457,1.5999840001599985E-4,7.391230435521732E-4,ACOS,24.0,0.0,10.0,0.0,10.0,24.0,0.58,,2.434660505735488E-6,1.137066719711629E-5,1.8990351944736807E-4,8.869120413750706E-4,
52,zwf1egf,,0.3395958265225767,9.99990000099999E-6,6.538396154499993E-5,ACOS,24.0,0.0,10.0,0.0,10.0,24.0,0.58,,6.19940281171915E-11,8.499181274131092E-10,4.835534193140936E-9,6.629361393822251E-8,
53,zwf1egf,,0.30705056655713386,9.99990000099999E-6,6.538396154499993E-5,ACOS,24.0,4.0,12.0,4.0,12.0,24.0,0.67,,2.9826317002266427E-9,2.8169299391029403E-8,2.3264527261767814E-7,2.1972053525002935E-6,
54,zwf1egf,,0.18324953407060635,0.011469885301146988,0.02754068504512695,ACOS,24.0,4.0,0.0,4.0,0.0,24.0,0.17,,2.582464784178685E-4,6.200833521333E-4,0.02014322531659374,0.048366501466397406,
55,zwf1egf,,0.1242884079622199,0.22513774862251376,0.32359980454249515,ACOS,24.0,20.0,14.0,20.0,14.0,24.0,0.25,,0.009263613880910413,0.013310387896613124,0.7225618827110122,1.0,
56,zwf1egf,,0.24006725258007464,1.799982000179998E-4,8.225724194370959E-4,ACOS,24.0,2.0,6.0,2.0,6.0,24.0,0.83,,2.7003692212407006E-6,1.2340396978788148E-5,2.1062879925677465E-4,9.625509643454755E-4,
57,zwf1egf,,0.1644582954296566,0.035009649903500965,0.07293677063229367,ACOS,24.0,22.0,6.0,22.0,6.0,24.0,0.67,,9.16569134279354E-4,0.0019095190297486542,0.0714923924737896,0.148942484320395,
58,zwf1egf,,0.19883832349003408,0.004209957900420996,0.012339531777096022,ACOS,24.0,0.0,8.0,0.0,8.0,24.0,0.67,,8.247279882925423E-5,2.4173061725815895E-4,0.00643287830868183,0.018854988146136398,
59,zwf1egf,,0.15722878262587764,0.051259487405125946,0.09725572387133272,ACOS,24.0,22.0,20.0,22.0,20.0,24.0,0.08,,0.0014457886033164705,0.002743125698256696,0.1127715110586847,0.21396380446402233,
60,zwf1egf,,0.12105489760353569,0.25399746002539975,0.35509513325919373,ACOS,24.0,6.0,6.0,6.0,6.0,24.0,0.0,,0.010905491378397983,0.0152461639336156,0.8506283275150427,1.0,
61,zwf1egf,,0.1321210730403961,0.16692833071669283,0.25775915526043297,ACOS,24.0,22.0,16.0,22.0,16.0,24.0,0.25,,0.00615178435495956,0.009507303094028412,0.4798391796868457,0.7415696413342161,
62,zwf1egf,,0.0937097215385475,0.5758342416575835,0.6656999825665699,ACOS,24.0,0.0,0.0,0.0,0.0,24.0,0.0,,0.03790514402681406,0.04389560275584734,2.9566012340914964,1.0,
63,zwf1egf,,0.11477046759234563,0.31588684113158866,0.41716480983338317,ACOS,24.0,10.0,4.0,10.0,4.0,24.0,0.25,,0.01483111777833215,0.019636215127075276,1.1568271867099078,1.0,
64,zwf1egf,,0.13509599647354667,0.14699853001469984,0.2322467481644886,ACOS,24.0,22.0,22.0,22.0,22.0,24.0,0.0,,0.005238397071669671,0.00827627790133684,0.40859497159023433,0.6455496763042736,
65,zwf1egf,,0.226870736941369,4.599954000459995E-4,0.0018101670835143498,ACOS,24.0,2.0,10.0,2.0,10.0,24.0,0.67,,8.595934190344924E-6,3.3889839155928834E-5,6.704828668469041E-4,0.002643407454162449,
66,zwf1egf,,0.12926877361295747,0.18685813141868582,0.27767379668860653,ACOS,24.0,20.0,20.0,20.0,20.0,24.0,0.0,,0.007157246289428602,0.010635768087437608,0.5582652105754309,0.8295899108201332,
67,zwf1egf,,0.2170105497352555,0.0011899881001189987,0.004249957500424995,ACOS,24.0,14.0,10.0,14.0,10.0,24.0,0.17,,1.9635417505807213E-5,7.012649109216863E-5,0.0015315625654529626,0.005469866305189152,
68,zwf1egf,,0.13894480463513895,0.12426875731242687,0.20391591450880855,ACOS,24.0,14.0,10.0,14.0,10.0,24.0,0.17,,0.0042366286297165524,0.00695199678621442,0.3304570331178911,0.5422557493247248,
69,zwf1egf,,0.08255025725973762,0.7239027609723903,0.8075030798248448,ACOS,24.0,0.0,2.0,0.0,2.0,24.0,0.92,,0.05889811150274532,0.06569999314610699,4.594052697214135,1.0,
70,zwf1egf,,0.04471418081101123,0.9946200537994621,0.9990106466859859,ACOS,24.0,2.0,4.0,2.0,4.0,24.0,0.92,,0.19844025614316035,0.20080264014486462,15.478339979166508,1.0,
71,zwf1egf,,0.07053621381559243,0.8614813851861481,0.9208312439488671,ACOS,24.0,18.0,18.0,18.0,18.0,24.0,0.0,,0.0906996152188082,0.09709656541056294,7.07456998706704,1.0,
72,zwf1egf,,0.15031932023322891,0.07217927820721792,0.12781747182528175,ACOS,24.0,18.0,18.0,18.0,18.0,24.0,0.0,,0.0021989134105895327,0.003893909164585631,0.17151524602598356,0.3037249148376792,
73,zwf1egf,,0.18285821957580245,0.011709882901170988,0.02795899007302062,COS,24.0,12.0,0.0,12.0,0.0,24.0,0.5,,2.6547140477281176E-4,6.338502642047472E-4,0.020706769572279318,0.04944032060797028,
74,zwf1egf,,0.11417223480863216,0.32180678193218065,0.4208242532959286,ACOS,24.0,16.0,18.0,16.0,18.0,24.0,0.92,,0.015261486059828626,0.01995732792439128,1.1903959126666328,1.0,
75,zwf1egf,,0.06478718677528837,0.9125008749912501,0.9607744269091962,ACOS,24.0,20.0,20.0,20.0,20.0,24.0,0.0,,0.10981142658262028,0.11580609503129931,8.565291273444382,1.0,
76,zwf1egf,,0.1972575679486138,0.0047199528004719955,0.013646122042180941,ACOS,24.0,16.0,20.0,16.0,20.0,24.0,0.83,,9.294216678908223E-5,2.687103461589112E-4,0.007249489009548414,0.020959407000395076,
77,zwf1egf,,0.29494311218613284,9.99990000099999E-6,6.538396154499993E-5,ACOS,24.0,22.0,16.0,22.0,16.0,24.0,0.25,,1.1463376312309783E-8,8.699883808449388E-8,8.941433523601631E-7,6.785909370590524E-6,
78,zwf1egf,,0.38903312817716323,9.99990000099999E-6,6.538396154499993E-5,ACOS,24.0,12.0,22.0,12.0,22.0,24.0,0.58,,8.463619396887988E-14,2.3980254957849298E-12,6.60162312957263E-12,1.8704598867122455E-10,
79,zwf1egf,,0.26427772958053053,1.999980000199998E-5,1.148637162277026E-4,ACOS,24.0,16.0,10.0,16.0,10.0,24.0,0.25,,2.7598581251730825E-7,1.6520277509838873E-6,2.1526893376350043E-5,1.2885816457674322E-4,
80,zwf1egf,,0.1109071390262666,0.35939640603593964,0.4573157861235759,ACOS,24.0,0.0,10.0,0.0,10.0,24.0,0.58,,0.017804136665500264,0.02265496431987309,1.3887226599090206,1.0,
81,zwf1egf,,0.19229602033683998,0.006569934300656994,0.01745138798612014,COS,24.0,16.0,4.0,16.0,4.0,24.0,0.5,,1.3449940113931204E-4,3.5726403427629755E-4,0.010490953288866338,0.02786659467355121,
82,zwf1egf,,0.2999373789050898,9.99990000099999E-6,6.538396154499993E-5,ACOS,24.0,8.0,0.0,8.0,0.0,24.0,0.33,,6.619389687572559E-9,5.516158072977132E-8,5.163123956306597E-7,4.302603296922163E-6,
83,zwf1egf,,0.37632908738585813,9.99990000099999E-6,6.538396154499993E-5,ACOS,24.0,10.0,20.0,10.0,20.0,24.0,0.58,,5.005404449110361E-13,1.0636484454359516E-11,3.9042154703060815E-11,8.296457874400424E-10,
84,zwf1egf,,0.08299597146303016,0.7185228147718523,0.8036110428369401,ACOS,24.0,6.0,6.0,6.0,6.0,24.0,0.0,,0.057913159374919254,0.06477129666931758,4.517226431243702,1.0,
85,zwf1egf,,0.2598980780268356,2.999970000299997E-5,1.65582759756818E-4,ACOS,24.0,6.0,20.0,6.0,20.0,24.0,0.42,,4.2326225054962354E-7,2.3669270589946054E-6,3.301445554287064E-5,1.846203106015792E-4,
86,zwf1egf,,0.24667618681397718,1.2999870001299986E-4,6.20780309050842E-4,ACOS,24.0,6.0,0.0,6.0,0.0,24.0,0.25,,1.4783352341080196E-6,7.305726447626841E-6,1.1531014826042552E-4,5.698466629148936E-4,
87,zwf1egf,,0.34792552897955575,9.99990000099999E-6,6.538396154499993E-5,ACOS,24.0,14.0,8.0,14.0,8.0,24.0,0.25,,2.1668966762061373E-11,3.175624439267615E-10,1.690179407440787E-9,2.4769870626287397E-8,
88,zwf1egf,,0.18652301896604817,0.00946990530094699,0.023536314344458895,ACOS,24.0,0.0,22.0,0.0,22.0,24.0,0.08,,2.046010098955026E-4,5.085112819040269E-4,0.015958878771849202,0.039663879988514096,
89,zwf1egf,,0.12086477532842713,0.2555274447255527,0.35510756003551075,ACOS,24.0,20.0,20.0,20.0,20.0,24.0,0.0,,0.011009462496890431,0.015296401312006854,0.8587380747574536,1.0,
90,zwf1egf,,0.18910069088807088,0.008019919800801993,0.02065736918388392,ACOS,24.0,16.0,2.0,16.0,2.0,24.0,0.58,,1.6988969534190038E-4,4.375946698200464E-4,0.013251396236668229,0.03413238424596362,
91,zwf1egf,,0.40014964750229265,9.99990000099999E-6,6.538396154499993E-5,COS,24.0,2.0,14.0,2.0,14.0,24.0,0.5,,1.7054184400555628E-14,5.575406438643186E-13,1.3302263832433389E-12,4.348817022141685E-11,
92,zwf1egf,,0.23836763821740084,2.1999780002199978E-4,9.842006843089463E-4,ACOS,24.0,14.0,22.0,14.0,22.0,24.0,0.67,,3.145228870569567E-6,1.4220449680766657E-5,2.453278519044262E-4,0.0011091950750997995,
93,zwf1egf,,0.2829855422354577,9.99990000099999E-6,6.538396154499993E-5,ACOS,24.0,8.0,2.0,8.0,2.0,24.0,0.25,,4.1206269194813205E-8,2.694256062737786E-7,3.21408899719543E-6,2.1015197289354735E-5,
94,zwf1egf,,0.2302873008517966,3.2999670003299966E-4,0.0013616368690682024,ACOS,24.0,10.0,6.0,10.0,6.0,24.0,0.17,,6.406202568230037E-6,2.6692510700958486E-5,4.996838003219428E-4,0.0020820158346747616,
95,zwf1egf,,0.1347266236597565,0.14928850711492886,0.23499116860683247,ACOS,24.0,12.0,20.0,12.0,20.0,24.0,0.67,,0.0053448280399717735,0.008413155248103718,0.4168965871177983,0.6562261093520899,
96,zwf1egf,,0.12085758964780059,0.25567744322556774,0.35510756003551075,ACOS,24.0,16.0,14.0,16.0,14.0,24.0,0.08,,0.011013408944644936,0.015296401312006854,0.859045897682305,1.0,
97,zwf1egf,,0.21489408617466005,0.0013699863001369987,0.00473369250047337,ACOS,24.0,2.0,16.0,2.0,16.0,24.0,0.42,,2.3342914171891372E-5,8.131752887749043E-5,0.0018207473054075271,0.006342767252444255,
98,zwf1egf,,0.16080755275658334,0.04217957820421796,0.08371246562763732,ACOS,24.0,4.0,20.0,4.0,20.0,24.0,0.33,,0.0011562943597462918,0.0022963789854774487,0.09019096006021075,0.179117560867241,
99,zwf1egf,,0.16209102303107664,0.03954960450395496,0.08054584525925075,COS,24.0,12.0,0.0,12.0,0.0,24.0,0.5,,0.0010661422953345625,0.002172494432226279,0.08315909903609588,0.16945456571364978,
100,zwf1egf,,0.26020330184131224,2.999970000299997E-5,1.65582759756818E-4,ACOS,24.0,20.0,6.0,20.0,6.0,24.0,0.58,,4.109225672186838E-7,2.328561214239208E-6,3.205196024305734E-5,1.8162777471065824E-4,
101,zwf1egf,,0.21167988842244093,0.0017199828001719982,0.005847941520584794,ACOS,24.0,16.0,12.0,16.0,12.0,24.0,0.17,,3.026597098610919E-5,1.0290430135277124E-4,0.002360745736916517,0.008026535505516158,
102,zwf1egf,,0.230074597018678,3.2999670003299966E-4,0.0013616368690682024,ACOS,24.0,18.0,2.0,18.0,2.0,24.0,0.67,,6.52531241888885E-6,2.6924832796386033E-5,5.089743686733303E-4,0.0021001369581181103,
103,zwf1egf,,0.061948583474301426,0.932890671093289,0.9741487351711249,ACOS,24.0,18.0,16.0,18.0,16.0,24.0,0.08,,0.12024794950208406,0.12556604063485438,9.379340061162557,1.0,
104,zwf1egf,,0.14684077002606633,0.08553914460855391,0.1477810425147781,ACOS,24.0,16.0,16.0,16.0,16.0,24.0,0.0,,0.002699488433367904,0.0046637503422006475,0.21056009780269652,0.3637725266916505,
105,zwf1egf,,0.2567919523459963,4.999950000499995E-5,2.724331731041664E-4,COS,24.0,2.0,14.0,2.0,14.0,24.0,0.5,,5.709202216565492E-7,3.1107832590260694E-6,4.453177728921084E-5,2.4264109420403342E-4,
106,zwf1egf,,0.1556192408881296,0.05563944360556394,0.10371387514195034,ACOS,24.0,8.0,18.0,8.0,18.0,24.0,0.58,,0.0015964001729728342,0.00297574593646252,0.12451921349188107,0.23210818304407654,
107,zwf1egf,,0.04996944086167053,0.985640143598564,0.9990106466859859,ACOS,24.0,6.0,2.0,6.0,2.0,24.0,0.17,,0.1718760183509262,0.17475432487833406,13.406329431372244,1.0,
108,zwf1egf,,0.0843455827829226,0.7009529904700953,0.7881085210311919,ACOS,24.0,20.0,20.0,20.0,20.0,24.0,0.0,,0.05500956359699566,0.06184937706011417,4.290745960565661,1.0,
109,zwf1egf,,0.323345613798355,9.99990000099999E-6,6.538396154499993E-5,ACOS,24.0,22.0,6.0,22.0,6.0,24.0,0.67,,4.49241900422291E-10,5.303550213318713E-9,3.50408682329387E-8,4.1367691663885964E-7,
110,zwf1egf,,0.15670240629363055,0.052609473905260946,0.09893374517582258,ACOS,24.0,12.0,8.0,12.0,8.0,24.0,0.17,,0.0014935530374674225,0.002808672747449799,0.11649713692245896,0.21907647430108432,
111,zwf1egf,,0.20296169886194723,0.002999970000299997,0.009239038044402164,ACOS,24.0,6.0,14.0,6.0,14.0,24.0,0.67,,6.014293692416975E-5,1.852228129911025E-4,0.004691149080085241,0.014447379413305995,
112,zwf1egf,,0.1012572950223835,0.47561524384756154,0.5680300339853744,ACOS,24.0,18.0,18.0,18.0,18.0,24.0,0.0,,0.02752156148988242,0.03288985326910406,2.146681796210829,1.0,
113,zwf1egf,,0.14967625313619054,0.07450925490745093,0.1308530303126721,ACOS,24.0,14.0,22.0,14.0,22.0,24.0,0.67,,0.0022845784189827033,0.004012172843254748,0.17819711668065086,0.31294948177387033,
114,zwf1egf,,0.4939647979336891,9.99990000099999E-6,6.538396154499993E-5,ACOS,24.0,2.0,12.0,2.0,12.0,24.0,0.58,,4.016454538674725E-21,4.2674829473418957E-19,3.132834540166286E-19,3.328636698926679E-17,
115,zwf1egf,,0.11272038502491746,0.33865661343386566,0.440150032750437,ACOS,24.0,18.0,18.0,18.0,18.0,24.0,0.0,,0.01635077932958389,0.021251012890131968,1.2753607877075435,1.0,
116,zwf1egf,,0.2737516927109109,1.999980000199998E-5,1.148637162277026E-4,ACOS,24.0,8.0,12.0,8.0,12.0,24.0,0.83,,1.0696317604224334E-7,6.784977584769167E-7,8.34312773129498E-6,5.292282516119951E-5,
117,zwf1egf,,0.11110146846948699,0.35724642753572466,0.45594514024829724,ACOS,24.0,6.0,20.0,6.0,20.0,24.0,0.42,,0.017643279407849457,0.02251769894395201,1.3761757938122576,1.0,
118,zwf1egf,,0.402472864117276,9.99990000099999E-6,6.538396154499993E-5,ACOS,24.0,14.0,4.0,14.0,4.0,24.0,0.42,,1.2134947067430545E-14,4.297793753048318E-13,9.465258712595824E-13,3.352279127377688E-11,
119,zwf1egf,,0.206278780763973,0.0024599754002459975,0.007802160784362306,ACOS,24.0,22.0,6.0,22.0,6.0,24.0,0.67,,4.645623593515792E-5,1.4734253934658295E-4,0.003623586402942318,0.01149271806903347,
120,zwf1egf,,0.1029961328633643,0.45379546204537957,0.5463543098280066,ACOS,24.0,0.0,22.0,0.0,22.0,24.0,0.08,,0.025499887208096844,0.030700997346858806,1.988991202231554,1.0,
121,zwf1egf,,0.15106023244259745,0.06978930210697894,0.12497364566103292,ACOS,24.0,12.0,18.0,12.0,18.0,24.0,0.75,,0.0021038309953469655,0.003775173552717024,0.1640988176370633,0.29446353711192785,
122,zwf1egf,,0.22150766923385226,7.799922000779992E-4,0.0029078656581855234,ACOS,24.0,4.0,22.0,4.0,22.0,24.0,0.25,,1.352752967004896E-5,5.0497326437748483E-5,0.001055147314263819,0.0039387914621443814,
123,zwf1egf,,0.23302478369443635,2.599974000259997E-4,0.0011275397450107132,ACOS,24.0,14.0,22.0,14.0,22.0,24.0,0.67,,5.046949183029416E-6,2.2112333379823907E-5,3.9366203627629444E-4,0.0017247620036262648,
124,zwf1egf,,0.13075564662890427,0.17593824061759383,0.2660987624999195,ACOS,24.0,18.0,18.0,18.0,18.0,24.0,0.0,,0.006616341265337417,0.010006921842592179,0.5160746186963185,0.78053990372219,
125,zwf1egf,,0.14322237970911794,0.10177898221017789,0.1723349300371538,ACOS,24.0,22.0,18.0,22.0,18.0,24.0,0.17,,0.0033272833436833633,0.005633846299065456,0.2595281008073023,0.43944001132710553,
126,zwf1egf,,0.30983306823510004,9.99990000099999E-6,6.538396154499993E-5,ACOS,24.0,12.0,20.0,12.0,20.0,24.0,0.67,,2.1730812169556033E-9,2.19895123144317E-8,1.6950033492253706E-7,1.7151819605256726E-6,
127,zwf1egf,,0.1762089898913431,0.017999820001799983,0.040475785718333296,ACOS,24.0,2.0,22.0,2.0,22.0,24.0,0.17,,4.209243588051602E-4,9.465230290592227E-4,0.0328320999868025,0.07382879626661937,
128,zwf1egf,,0.16045233304206133,0.04293957060429396,0.08371246562763732,ACOS,24.0,6.0,12.0,6.0,12.0,24.0,0.75,,0.001182450641288536,0.0023052363419615953,0.0922311500205058,0.17980843467300442,
129,zwf1egf,,0.20313605006603064,0.002999970000299997,0.009239038044402164,COS,24.0,16.0,4.0,16.0,4.0,24.0,0.5,,5.933773373736017E-5,1.8407691122903703E-4,0.004628343231514093,0.014357999075864887,
130,zwf1egf,,0.09996079924109062,0.4930850691493085,0.5853663530403802,ACOS,24.0,6.0,20.0,6.0,20.0,24.0,0.42,,0.02911444326249654,0.03456323571665092,2.2709265744747302,1.0,
131,zwf1egf,,0.11119014243148333,0.3562364376356236,0.45594514024829724,ACOS,24.0,18.0,20.0,18.0,20.0,24.0,0.92,,0.017570292152637806,0.022492090858045384,1.3704827879057488,1.0,
132,zwf1egf,,0.16205833352122576,0.03960960390396096,0.08054584525925075,ACOS,24.0,12.0,2.0,12.0,2.0,24.0,0.42,,0.0010683560854948056,0.002172494432226279,0.08333177466859483,0.16945456571364978,
133,zwf1egf,,0.056474823412484075,0.963470365296347,0.9938711292498725,ACOS,24.0,8.0,8.0,8.0,8.0,24.0,0.0,,0.14230152444746214,0.14679162109264904,11.099518906902047,1.0,
134,zwf1egf,,0.2436328094640441,1.4999850001499985E-4,7.083262500708325E-4,COS,24.0,12.0,0.0,12.0,0.0,24.0,0.5,,1.9546803707115257E-6,9.230435083915538E-6,1.52465068915499E-4,7.199739365454119E-4,
135,zwf1egf,,0.044108486253811564,0.995150048499515,0.9990106466859859,ACOS,24.0,2.0,0.0,2.0,0.0,24.0,0.08,,0.2016535590417206,0.203569507346155,15.728977605254208,1.0,
136,zwf1egf,,0.17046328440339964,0.025269747302526974,0.05424061920996952,COS,24.0,4.0,16.0,4.0,16.0,24.0,0.5,,6.194038671579356E-4,0.0013295285027379931,0.048313501638318976,0.10370322321356347,
137,zwf1egf,,0.07603849701680873,0.8032419675803242,0.8763957232222549,ACOS,24.0,14.0,14.0,14.0,14.0,24.0,0.0,,0.07483307461524424,0.0817585005436473,5.836979819989051,1.0,
138,zwf1egf,,0.3487440779573316,9.99990000099999E-6,6.538396154499993E-5,ACOS,24.0,12.0,4.0,12.0,4.0,24.0,0.33,,1.9516668011258704E-11,3.0720681128833145E-10,1.5223001048781788E-9,2.3962131280489854E-8,
139,zwf1egf,,0.1365716009497002,0.13814861851381485,0.22351568937140817,ACOS,24.0,10.0,0.0,10.0,0.0,24.0,0.42,,0.00483178729736739,0.007839469262002794,0.3768794091946564,0.611478602436218,
140,zwf1egf,,0.042332116542050255,0.996660033399666,0.9990106466859859,ACOS,24.0,22.0,22.0,22.0,22.0,24.0,0.0,,0.2112555562715755,0.21175380050806505,16.477933389182887,1.0,
141,zwf1egf,,0.05023466490017428,0.985030149698503,0.9990106466859859,ACOS,24.0,6.0,4.0,6.0,4.0,24.0,0.08,,0.17059845117949723,0.17387132314457152,13.306679192000784,1.0,
142,zwf1egf,,0.2636205813539231,1.999980000199998E-5,1.148637162277026E-4,ACOS,24.0,10.0,4.0,10.0,4.0,24.0,0.25,,2.9440018953084956E-7,1.7377788965362648E-6,2.2963214783406267E-5,1.3554675392982868E-4,
143,zwf1egf,,0.3270487021245258,9.99990000099999E-6,6.538396154499993E-5,ACOS,24.0,8.0,6.0,8.0,6.0,24.0,0.08,,2.884133928711221E-10,3.551884761193455E-9,2.2496244643947524E-8,2.770470113730895E-7,
144,zwf1egf,,0.177789614551574,0.015989840101598984,0.03713487455289382,ACOS,24.0,16.0,10.0,16.0,10.0,24.0,0.25,,3.777495889231042E-4,8.772872966793404E-4,0.029464467936002128,0.06842840914098855,
145,zwf1egf,,0.24969328641029626,9.99990000099999E-5,5.059473214791662E-4,ACOS,24.0,6.0,14.0,6.0,14.0,24.0,0.67,,1.1172339767316275E-6,5.6526719060826395E-6,8.714425018506695E-5,4.409084086744459E-4,
146,zwf1egf,,0.17623439285116246,0.017949820501794982,0.040475785718333296,ACOS,24.0,12.0,16.0,12.0,16.0,24.0,0.83,,4.201956885990329E-4,9.465230290592227E-4,0.03277526371072456,0.07382879626661937,
147,zwf1egf,,0.09962557966388684,0.4975850241497585,0.5890630508736695,ACOS,24.0,20.0,20.0,20.0,20.0,24.0,0.0,,0.02953853564801329,0.03496901852480682,2.3040057805450367,1.0,
148,zwf1egf,,0.08510958262697081,0.6907030929690703,0.7786440703232225,ACOS,24.0,16.0,16.0,16.0,16.0,24.0,0.0,,0.053417590729639586,0.06021876939017725,4.166572076911888,1.0,
149,zwf1egf,,0.06272680427453471,0.9276507234927651,0.9734606357640128,ACOS,24.0,16.0,10.0,16.0,10.0,24.0,0.25,,0.1173195684606137,0.1231131273969403,9.150926339927869,1.0,
150,zwf1egf,,0.11673917617056678,0.2958070419295807,0.40037577331233054,ACOS,24.0,16.0,16.0,16.0,16.0,24.0,0.0,,0.013487721573891597,0.018255674104789583,1.0520422827635445,1.0,
151,zwf1egf,,0.10574906523857883,0.4197058029419706,0.5147960047777044,ACOS,24.0,12.0,10.0,12.0,10.0,24.0,0.08,,0.02255421951696265,0.0276979797600024,1.7592291223230867,1.0,
152,zwf1egf,,0.05684158839718697,0.9620003799962,0.9938711292498725,ACOS,24.0,16.0,16.0,16.0,16.0,24.0,0.0,,0.14074342322830535,0.14553760309496297,10.977987011807818,1.0,
153,zwf1egf,,0.14442466158800107,0.09595904040959591,0.1637855107392701,ACOS,24.0,2.0,0.0,2.0,0.0,24.0,0.08,,0.00310545627214082,0.005300477572931118,0.24222558922698395,0.4134372506886272,
154,zwf1egf,,0.20771919929697602,0.0022599774002259976,0.007388387654584992,ACOS,24.0,6.0,6.0,6.0,6.0,24.0,0.0,,4.148007382279961E-5,1.3560793365146025E-4,0.0032354457581783695,0.010577418824813901,
155,zwf1egf,,0.07764033637019851,0.7850521494785052,0.8621373734583068,ACOS,24.0,10.0,10.0,10.0,10.0,24.0,0.0,,0.07063718022275378,0.07757313073558232,5.509700057374795,1.0,
156,zwf1egf,,0.042341909975736385,0.996640033599664,0.9990106466859859,ACOS,24.0,4.0,4.0,4.0,4.0,24.0,0.0,,0.2112018949804138,0.21175380050806505,16.473747808472275,1.0,
157,zwf1egf,,0.2508377988730511,9.99990000099999E-5,5.059473214791662E-4,COS,24.0,2.0,14.0,2.0,14.0,24.0,0.5,,1.003800204678309E-6,5.139940807087726E-6,7.82964159649081E-5,4.0091538295284273E-4,
158,zwf1egf,,0.16048992820815214,0.04280957190428096,0.08371246562763732,ACOS,24.0,6.0,22.0,6.0,22.0,24.0,0.33,,0.0011796569428260903,0.0023052363419615953,0.09201324154043504,0.17980843467300442,
159,zwf1egf,,0.1090319777374259,0.38024619753802463,0.4781202187978121,ACOS,24.0,16.0,0.0,16.0,0.0,24.0,0.67,,0.019421622915182523,0.024420679701043113,1.5148865873842368,1.0,
160,zwf1egf,,0.18527498450635893,0.010279897201027989,0.025254082719288414,ACOS,24.0,14.0,4.0,14.0,4.0,24.0,0.42,,2.2369111360606375E-4,5.495301923848386E-4,0.017447906861272972,0.042863355006017415,
161,zwf1egf,,0.2251057517851845,5.199948000519994E-4,0.0020090708183827253,ACOS,24.0,8.0,0.0,8.0,0.0,24.0,0.33,,9.990224927409813E-6,3.8598596310447003E-5,7.792375443379654E-4,0.0030106905122148668,
162,zwf1egf,,0.19652560434181401,0.004989950100498995,0.014072706955049655,ACOS,24.0,4.0,20.0,4.0,20.0,24.0,0.33,,9.820208648831913E-5,2.778583031799256E-4,0.007659762746088893,0.0216729476480342,
163,zwf1egf,,0.058461759012923296,0.95370046299537,0.9885919433488591,ACOS,24.0,18.0,18.0,18.0,18.0,24.0,0.0,,0.13399940172218683,0.1389018188583644,10.451953334330572,1.0,
164,zwf1egf,,0.13141810134873597,0.17141828581714183,0.2611210447035315,ACOS,24.0,2.0,6.0,2.0,6.0,24.0,0.83,,0.006387216659973886,0.009729631112863447,0.4982028994779631,0.7589112268033488,
165,zwf1egf,,0.1484030838887062,0.07937920620793792,0.13826296163267876,ACOS,24.0,0.0,6.0,0.0,6.0,24.0,0.75,,0.0024631542759770654,0.004290330193812511,0.1921260335262111,0.33464575511737593,
166,zwf1egf,,0.14051101513445421,0.11525884741152588,0.19060315233423542,ACOS,24.0,6.0,16.0,6.0,16.0,24.0,0.58,,0.0038806502139855075,0.006417417669042182,0.3026907166908696,0.5005585781852903,
167,zwf1egf,,0.30320913679911976,9.99990000099999E-6,6.538396154499993E-5,ACOS,24.0,22.0,12.0,22.0,12.0,24.0,0.42,,4.59755543201294E-9,3.907922117210999E-8,3.586093236970093E-7,3.048179251424579E-6,
168,zwf1egf,,0.19194636695909212,0.0067099329006709936,0.01771255579369672,COS,24.0,8.0,20.0,8.0,20.0,24.0,0.5,,1.3800494799190072E-4,3.642987757550174E-4,0.010764385943368256,0.028415304508891362,
169,zwf1egf,,0.09357195474329039,0.5775742242577574,0.6656999825665699,ACOS,24.0,14.0,10.0,14.0,10.0,24.0,0.17,,0.03812094118651882,0.04395837365189643,2.973433412548468,1.0,
170,zwf1egf,,0.5059084724949854,9.99990000099999E-6,6.538396154499993E-5,ACOS,24.0,20.0,6.0,20.0,6.0,24.0,0.58,,4.599817535409486E-22,6.516408175163439E-20,3.587857677619399E-20,5.082798376627483E-18,
171,zwf1egf,,0.14205453066901236,0.1075089249107509,0.18059799639157761,ACOS,24.0,20.0,12.0,20.0,12.0,24.0,0.33,,0.003556293202069745,0.005974010319682378,0.2773908697614401,0.46597280493522547,
172,zwf1egf,,0.341982148189674,9.99990000099999E-6,6.538396154499993E-5,COS,24.0,6.0,18.0,6.0,18.0,24.0,0.5,,4.59885182838858E-11,6.515040090217155E-10,3.5871044261430924E-9,5.081731270369381E-8,
173,zwf1egf,,0.09659936273413454,0.5371346286537134,0.6288766313438794,ACOS,24.0,12.0,12.0,12.0,12.0,24.0,0.0,,0.03360395040209767,0.039343468101629496,2.621108131363618,1.0,
174,zwf1egf,,0.07794733808145214,0.7810621893781062,0.8599777991857387,ACOS,24.0,18.0,10.0,18.0,10.0,24.0,0.33,,0.06985406888801865,0.0769118634129739,5.448617373265455,1.0,
175,zwf1egf,,0.11461015218722709,0.3174068259317407,0.41716480983338317,ACOS,24.0,22.0,12.0,22.0,12.0,24.0,0.42,,0.014945412399727414,0.019660198352376534,1.1657421671787382,1.0,
176,zwf1egf,,0.19269475450574614,0.006339936600633994,0.01716224875967801,ACOS,24.0,6.0,22.0,6.0,22.0,24.0,0.33,,1.30603704129785E-4,3.535450589500549E-4,0.010187088922123229,0.02757651459810428,
177,zwf1egf,,0.09499080582099824,0.5586144138558614,0.6522283678262119,ACOS,24.0,14.0,14.0,14.0,14.0,24.0,0.0,,0.03594582320478871,0.041969711159437366,2.8037742099735192,1.0,
178,zwf1egf,,0.1574131318048354,0.05074949250507495,0.09671988481908902,ACOS,24.0,4.0,22.0,4.0,22.0,24.0,0.25,,0.0014293928754460772,0.0027241792469263806,0.11149264428479402,0.21248598126025767,
179,zwf1egf,,0.1689577076626045,0.02755972440275597,0.058564414355856444,ACOS,24.0,10.0,0.0,10.0,0.0,24.0,0.42,,6.841292117960969E-4,0.0014537745750667062,0.053362078520095564,0.11339441685520307,
180,zwf1egf,,0.08330809002446328,0.7143228567714323,0.801021673160577,ACOS,24.0,4.0,4.0,4.0,4.0,24.0,0.0,,0.05723117227331681,0.0641774359265426,4.464031437318711,1.0,
181,zwf1egf,,0.13724610641818558,0.13363866361336388,0.2184478155218448,ACOS,24.0,4.0,0.0,4.0,0.0,24.0,0.17,,0.004655478735150641,0.00760991716322701,0.36312734134175,0.5935735387317068,
182,zwf1egf,,0.19235991530779936,0.0065499345006549935,0.01745138798612014,ACOS,24.0,22.0,8.0,22.0,8.0,24.0,0.58,,1.3386789381725732E-4,3.5726403427629755E-4,0.010441695717746072,0.02786659467355121,
183,zwf1egf,,0.06573438868119971,0.904740952590474,0.9565047384352027,ACOS,24.0,0.0,0.0,0.0,0.0,24.0,0.0,,0.10647798248609247,0.11257000635967489,8.305282633915212,1.0,
184,zwf1egf,,0.06210654032227178,0.931940680593194,0.9741487351711249,ACOS,24.0,8.0,10.0,8.0,10.0,24.0,0.92,,0.1196494436552678,0.1252488018558838,9.33265660511089,1.0,
185,zwf1egf,,0.2451409427811389,1.2999870001299986E-4,6.20780309050842E-4,ACOS,24.0,18.0,10.0,18.0,10.0,24.0,0.33,,1.7027012833493777E-6,8.130876914870623E-6,1.3281070010125146E-4,6.342083993599087E-4,
186,zwf1egf,,0.35298288158481156,9.99990000099999E-6,6.538396154499993E-5,COS,24.0,8.0,20.0,8.0,20.0,24.0,0.5,,1.131094106495197E-11,1.9228599810418347E-10,8.822534030662537E-10,1.4998307852126313E-8,
187,zwf1egf,,0.1944634176449139,0.005689943100568994,0.015702765050271576,ACOS,24.0,20.0,10.0,20.0,10.0,24.0,0.42,,1.1456490426126734E-4,3.161693786431079E-4,0.008936062532378853,0.024661211534162418,
188,zwf1egf,,0.09835331222174154,0.5144348556514435,0.607318926810732,ACOS,24.0,14.0,14.0,14.0,14.0,24.0,0.0,,0.031195026054755454,0.03682746131464186,2.4332120322709256,1.0,
189,zwf1egf,,0.042736714210058764,0.996420035799642,0.9990106466859859,ACOS,24.0,16.0,14.0,16.0,14.0,24.0,0.08,,0.20904529762014357,0.21053140163166117,16.3055332143712,1.0,
190,zwf1egf,,0.11593793088241443,0.3035569644303557,0.406953477635035,ACOS,24.0,20.0,18.0,20.0,18.0,24.0,0.08,,0.014021237074450138,0.018798188506754916,1.0936564918071108,1.0,
191,zwf1egf,,0.1494614078632677,0.07541924580754192,0.13190608834652393,ACOS,24.0,4.0,10.0,4.0,10.0,24.0,0.75,,0.0023138653122785945,0.00404688377661894,0.18048149435773037,0.3156569345762774,
192,zwf1egf,,0.1056896898233633,0.4203157968420316,0.5147960047777044,ACOS,24.0,14.0,14.0,14.0,14.0,24.0,0.0,,0.02261458582757843,0.0276979797600024,1.7639376945511174,1.0,
193,zwf1egf,,0.17698752484220065,0.017049829501704982,0.039381399664264224,ACOS,24.0,4.0,20.0,4.0,20.0,24.0,0.33,,3.991167590669582E-4,9.218729489318328E-4,0.03113110720722274,0.07190609001668297,
194,zwf1egf,,0.1924048185070082,0.006539934600653993,0.01745138798612014,ACOS,24.0,22.0,22.0,22.0,22.0,24.0,0.0,,1.3342575625884583E-4,3.5726403427629755E-4,0.010407208988189975,0.02786659467355121,
195,zwf1egf,,0.11584968276347159,0.3044969550304497,0.406953477635035,ACOS,24.0,16.0,20.0,16.0,20.0,24.0,0.83,,0.01408109513101173,0.0188190736813836,1.098325420218915,1.0,
196,zwf1egf,,0.1749024003536556,0.01942980570194298,0.04267483098364893,ACOS,24.0,20.0,18.0,20.0,18.0,24.0,0.08,,4.6002292285189005E-4,0.0010114897485994034,0.03588178798244742,0.07889620039075347,
197,zwf1egf,,0.23090181565155743,3.199968000319997E-4,0.0013599864001359986,ACOS,24.0,6.0,20.0,6.0,20.0,24.0,0.42,,6.073629459445197E-6,2.5812925202642085E-5,4.7374309783672537E-4,0.002013408165806083,
198,zwf1egf,,0.28822250269043637,9.99990000099999E-6,6.538396154499993E-5,ACOS,24.0,12.0,2.0,12.0,2.0,24.0,0.42,,2.367423283811974E-8,1.59707126288903E-7,1.8465901613733397E-6,1.2457155850534434E-5,
199,zwf1egf,,0.12108642026328863,0.25353746462535376,0.35509513325919373,ACOS,24.0,22.0,2.0,22.0,2.0,24.0,0.83,,0.010888335590534473,0.0152461639336156,0.8492901760616889,1.0,
200,zwf1egf,,0.23290796270254022,2.599974000259997E-4,0.0011275397450107132,COS,24.0,4.0,16.0,4.0,16.0,24.0,0.5,,5.098843932288807E-6,2.2112333379823907E-5,3.977098267185269E-4,0.0017247620036262648,
201,zwf1egf,,0.15414035023407358,0.05963940360596394,0.10925321781264946,ACOS,24.0,18.0,18.0,18.0,18.0,24.0,0.0,,0.0017472495921427769,0.0032007805028477594,0.1362854681871366,0.24966087922212524,
202,zwf1egf,,0.1274870142584095,0.1996480035199648,0.2936000051764188,ACOS,24.0,22.0,18.0,22.0,18.0,24.0,0.17,,0.007856515324828773,0.011553699007101136,0.6128081953366443,0.9011885225538887,
203,zwf1egf,,0.428851720653926,9.99990000099999E-6,6.538396154499993E-5,ACOS,24.0,2.0,18.0,2.0,18.0,24.0,0.33,,2.2273968470556576E-16,9.466436599986544E-15,1.737369540703413E-14,7.383820547989505E-13,
204,zwf1egf,,0.22724379827432464,4.3999560004399956E-4,0.0017641333020632058,ACOS,24.0,6.0,14.0,6.0,14.0,24.0,0.67,,8.325971967765036E-6,3.3382434776416414E-5,6.494258134856728E-4,0.002603829912560481,
205,zwf1egf,,0.17503910912662485,0.019219807801921982,0.04254384539487938,ACOS,24.0,16.0,10.0,16.0,10.0,24.0,0.25,,4.5577974537134214E-4,0.0010088874572021895,0.035550820138964684,0.07869322166177078,
206,zwf1egf,,0.12971862841723938,0.1834581654183458,0.2745412686718203,ACOS,24.0,22.0,0.0,22.0,0.0,24.0,0.92,,0.006989619826467244,0.010459818402283728,0.5451903464644451,0.8158658353781308,
207,zwf1egf,,0.1363606388456515,0.13936860631393685,0.22351568937140817,ACOS,24.0,0.0,0.0,0.0,0.0,24.0,0.0,,0.0048881396574840955,0.007839469262002794,0.38127489328375946,0.611478602436218,
208,zwf1egf,,0.16281693386190402,0.037909620903790964,0.07821159652481145,ACOS,24.0,12.0,20.0,12.0,20.0,24.0,0.67,,0.0010180534276702487,0.0021003529454361927,0.0794081673582794,0.16382752974402304,
209,zwf1egf,,0.23722609150811114,2.1999780002199978E-4,9.842006843089463E-4,ACOS,24.0,2.0,20.0,2.0,20.0,24.0,0.25,,3.4825067953308946E-6,1.5579635663322422E-5,2.716355300358098E-4,0.0012152115817391492,
210,zwf1egf,,0.15913836887704394,0.045899541004589955,0.08826834808574992,ACOS,24.0,0.0,0.0,0.0,0.0,24.0,0.0,,0.0012839806034283608,0.002469193468131463,0.10015048706741214,0.1925970905142541,
211,zwf1egf,,0.11455067213340349,0.3180268197318027,0.41716480983338317,ACOS,24.0,14.0,12.0,14.0,12.0,24.0,0.08,,0.014988010038047051,0.019660198352376534,1.16906478296767,1.0,
212,zwf1egf,,0.09395791311098957,0.5730042699573005,0.6656999825665699,ACOS,24.0,14.0,0.0,14.0,0.0,24.0,0.58,,0.03751889401629571,0.043686383443631994,2.9264737332710657,1.0,
213,zwf1egf,,0.13126528960298162,0.17235827641723583,0.26161524099044725,ACOS,24.0,6.0,2.0,6.0,2.0,24.0,0.17,,0.006439437675175865,0.00977414647124908,0.5022761386637175,0.7623834247574283,
214,zwf1egf,,0.37633699223669315,9.99990000099999E-6,6.538396154499993E-5,COS,24.0,20.0,8.0,20.0,8.0,24.0,0.5,,4.999960503638555E-13,1.0636484454359516E-11,3.899969192838073E-11,8.296457874400424E-10,
215,zwf1egf,,0.14113279940962545,0.1121188788112119,0.1868647980186865,ACOS,24.0,14.0,4.0,14.0,4.0,24.0,0.42,,0.003746926933002125,0.006244878221670208,0.29226030077416576,0.48710050129027627,
216,zwf1egf,,0.09354313455172569,0.5779842201577984,0.6656999825665699,ACOS,24.0,2.0,10.0,2.0,10.0,24.0,0.67,,0.038166211476587726,0.04395837365189643,2.9769644951738425,1.0,
217,zwf1egf,,0.0708609693543593,0.8584614153858462,0.9208312439488671,ACOS,24.0,8.0,18.0,8.0,18.0,24.0,0.58,,0.0896987600089989,0.0962676085955165,6.996503280701914,1.0,
218,zwf1egf,,0.47161387153224704,9.99990000099999E-6,6.538396154499993E-5,ACOS,24.0,10.0,20.0,10.0,20.0,24.0,0.58,,2.0224590830594215E-19,1.7190902206005083E-17,1.5775180847863488E-17,1.3408903720683964E-15,
219,zwf1egf,,0.38051056283367274,9.99990000099999E-6,6.538396154499993E-5,ACOS,24.0,12.0,4.0,12.0,4.0,24.0,0.33,,2.806129858923921E-13,7.015324647309803E-12,2.1887812899606584E-11,5.471953224901645E-10,
220,zwf1egf,,0.07595914798422965,0.8042219577804222,0.8763957232222549,ACOS,24.0,2.0,2.0,2.0,2.0,24.0,0.0,,0.07504576302007238,0.08178063918854041,5.8535695155656455,1.0,
221,zwf1egf,,0.4445859760291848,9.99990000099999E-6,6.538396154499993E-5,ACOS,24.0,10.0,20.0,10.0,20.0,24.0,0.58,,1.824967988934436E-17,1.1080162789959076E-15,1.4234750313688602E-15,8.64252697616808E-14,
222,zwf1egf,,0.11486584961930095,0.31472685273147266,0.41716480983338317,ACOS,24.0,6.0,4.0,6.0,4.0,24.0,0.08,,0.01476347377340098,0.019607738605298176,1.1515509543252764,1.0,
223,zwf1egf,,0.1521063179948691,0.06608933910660894,0.12003405606969572,ACOS,24.0,0.0,0.0,0.0,0.0,24.0,0.0,,0.001975930369645667,0.0035887624235017455,0.154122568832362,0.2799234690331361,
224,zwf1egf,,0.19103955821466878,0.007069929300706993,0.018547654029632543,ACOS,24.0,22.0,18.0,22.0,18.0,24.0,0.17,,1.4749953127966937E-4,3.869586468756758E-4,0.011504963439814211,0.030182774456302713,
225,zwf1egf,,0.24572262864475025,1.2999870001299986E-4,6.20780309050842E-4,ACOS,24.0,8.0,18.0,8.0,18.0,24.0,0.58,,1.6140962814883682E-6,7.795351359460868E-6,1.2589950995609272E-4,6.080374060379478E-4,
226,zwf1egf,,0.31148090267338313,9.99990000099999E-6,6.538396154499993E-5,COS,24.0,22.0,10.0,22.0,10.0,24.0,0.5,,1.7991928574691174E-9,1.8650169864009144E-8,1.4033704288259117E-7,1.4547132493927132E-6,
227,zwf1egf,,0.10301099746754686,0.45351546484535155,0.5463543098280066,ACOS,24.0,2.0,2.0,2.0,2.0,24.0,0.0,,0.02548315589699361,0.030700997346858806,1.9876861599655018,1.0,
228,zwf1egf,,0.2642779940013461,1.999980000199998E-5,1.148637162277026E-4,ACOS,24.0,6.0,22.0,6.0,22.0,24.0,0.33,,2.759786314895469E-7,1.6520277509838873E-6,2.152633325618466E-5,1.2885816457674322E-4,
229,zwf1egf,,0.1862843151479312,0.00967990320096799,0.023918365467508116,ACOS,24.0,6.0,22.0,6.0,22.0,24.0,0.33,,2.0813026602047187E-4,5.142753666203519E-4,0.016234160749596806,0.040113478596387454,
230,zwf1egf,,0.11697288348880955,0.2932570674293257,0.3992651766773067,ACOS,24.0,16.0,10.0,16.0,10.0,24.0,0.25,,0.013335445323755196,0.018162671640321905,1.0401647352529053,1.0,
231,zwf1egf,,0.06847064964837372,0.8809511904880951,0.9336764487716718,ACOS,24.0,16.0,14.0,16.0,14.0,24.0,0.08,,0.0972600941120626,0.10308114712625088,7.586287340740883,1.0,
232,zwf1egf,,0.11171399708389436,0.3501964980350197,0.4496480714951159,ACOS,24.0,22.0,22.0,22.0,22.0,24.0,0.0,,0.017144347413348495,0.022013134896293383,1.3372590982411827,1.0,
233,zwf1egf,,0.15090741480734948,0.07027929720702793,0.12497364566103292,ACOS,24.0,18.0,12.0,18.0,12.0,24.0,0.25,,0.002123131446252479,0.0037754429483569186,0.16560425280769336,0.29448454997183965,
234,zwf1egf,,0.2098267004051805,0.001999980000199998,0.006692846457362199,ACOS,24.0,4.0,10.0,4.0,10.0,24.0,0.75,,3.509882113191227E-5,1.174566848902576E-4,0.002737708048289157,0.009161621421440093,
235,zwf1egf,,0.17151507608260008,0.023579764202357977,0.05112959074490888,ACOS,24.0,6.0,16.0,6.0,16.0,24.0,0.58,,5.775947261648776E-4,0.0012524375439799643,0.045052388640860454,0.0976901284304372,
236,zwf1egf,,0.22344101005660677,6.099939000609993E-4,0.002335562229963286,ACOS,24.0,2.0,16.0,2.0,16.0,24.0,0.42,,1.1500677405529058E-5,4.403412520135E-5,8.970528376312666E-4,0.0034346617657053,
237,zwf1egf,,0.1782086548109265,0.015619843801561985,0.03667642881582234,ACOS,24.0,4.0,20.0,4.0,20.0,24.0,0.33,,3.67013812165851E-4,8.617727633728545E-4,0.028627077348936377,0.06721827554308264,
238,zwf1egf,,0.12228910730341085,0.24282757172428276,0.342862850441263,ACOS,24.0,6.0,8.0,6.0,8.0,24.0,0.92,,0.010251095923432133,0.014474138762321117,0.7995854820277064,1.0,
239,zwf1egf,,0.19042419641256314,0.007339926600733993,0.019137845431361638,ACOS,24.0,0.0,16.0,0.0,16.0,24.0,0.33,,1.542873909219376E-4,4.022830744897146E-4,0.012034416491911134,0.031378079810197745,
240,zwf1egf,,0.13905348970204595,0.12379876201237988,0.20391591450880855,ACOS,24.0,14.0,12.0,14.0,12.0,24.0,0.08,,0.004211014316995453,0.006936748390399487,0.3284591167256454,0.54106637445116,
241,zwf1egf,,0.17784649826201562,0.015919840801591985,0.03713487455289382,ACOS,24.0,12.0,4.0,12.0,4.0,24.0,0.33,,3.762753200583654E-4,8.772872966793404E-4,0.0293494749645525,0.06842840914098855,
242,zwf1egf,,0.214665465447453,0.0013699863001369987,0.00473369250047337,ACOS,24.0,14.0,14.0,14.0,14.0,24.0,0.0,,2.378094429690098E-5,8.216992948116192E-5,0.0018549136551582765,0.00640925449953063,
243,zwf1egf,,0.1659663486089046,0.03218967810321897,0.06739218322102493,ACOS,24.0,22.0,22.0,22.0,22.0,24.0,0.0,,8.316076052450474E-4,0.0017410504050696806,0.06486539320911369,0.13580193159543508,
244,zwf1egf,,0.2036997429080783,0.002919970800291997,0.009124908750912491,ACOS,24.0,20.0,4.0,20.0,4.0,24.0,0.67,,5.68034448440985E-5,1.7751076513780782E-4,0.004430668697839683,0.01384583968074901,
245,zwf1egf,,0.10988858631923766,0.3703962960370396,0.4685072196897079,ACOS,24.0,10.0,10.0,10.0,10.0,24.0,0.0,,0.018667859139419738,0.023612619447182705,1.4560930128747396,1.0,
246,zwf1egf,,0.37556558751289026,9.99990000099999E-6,6.538396154499993E-5,ACOS,24.0,10.0,20.0,10.0,20.0,24.0,0.58,,5.559565980787303E-13,1.1251022170358324E-11,4.336461465014096E-11,8.775797292879492E-10,
247,zwf1egf,,0.18231846582911895,0.012029879701202988,0.02856256353637581,ACOS,24.0,4.0,10.0,4.0,10.0,24.0,0.75,,2.757464154229822E-4,6.547051762836169E-4,0.021508220402992613,0.05106700375012213,
248,zwf1egf,,0.09147545822022116,0.6045239547604524,0.6888007527431428,ACOS,24.0,18.0,18.0,18.0,18.0,24.0,0.0,,0.041530251002982736,0.047319991089189446,3.2393595782326536,1.0,
249,zwf1egf,,0.1145999766072318,0.3175368246317537,0.41716480983338317,ACOS,24.0,16.0,16.0,16.0,16.0,24.0,0.0,,0.014952692423892237,0.019660198352376534,1.1663100090635945,1.0,
250,zwf1egf,,0.15512783743258168,0.05694943050569494,0.10569217451930284,ACOS,24.0,2.0,2.0,2.0,2.0,24.0,0.0,,0.0016451539383850234,0.003053233291762598,0.12832200719403183,0.23815219675748267,
251,zwf1egf,,0.13597932737557583,0.14167858321416785,0.225836692943932,ACOS,24.0,22.0,0.0,22.0,0.0,24.0,0.92,,0.004991483615519415,0.007958922409784228,0.38933572201051436,0.6207959479631697,
252,zwf1egf,,0.12296074542718116,0.23697763022369775,0.3357183094835718,ACOS,24.0,14.0,14.0,14.0,14.0,24.0,0.0,,0.009909581289158727,0.014038573492974864,0.7729473405543807,1.0,
253,zwf1egf,,0.2189427851804871,9.99990000099999E-4,0.0036637564658836175,ACOS,24.0,10.0,8.0,10.0,8.0,24.0,0.08,,1.674484216975718E-5,6.134963725988622E-5,0.00130609768924106,0.004785271706271125,
254,zwf1egf,,0.16010115703539124,0.04367956320436796,0.084766275624915,ACOS,24.0,18.0,18.0,18.0,18.0,24.0,0.0,,0.0012088406320212165,0.0023459236009544158,0.09428956929765489,0.18298204087444442,
255,zwf1egf,,0.535263130157588,9.99990000099999E-6,6.538396154499993E-5,COS,24.0,14.0,2.0,14.0,2.0,24.0,0.5,,1.803774227014387E-24,3.8330202324055722E-22,1.4069438970712218E-22,2.9897557812763464E-20,
256,zwf1egf,,0.15903126863515474,0.046209537904620956,0.08846420544803561,ACOS,24.0,18.0,18.0,18.0,18.0,24.0,0.0,,0.00129259793274194,0.0024745681144834435,0.10082263875387132,0.1930163129297086,
257,zwf1egf,,0.14477629083606167,0.0943790562094379,0.161738301971819,ACOS,24.0,14.0,6.0,14.0,6.0,24.0,0.33,,0.0030431446456810392,0.005215066429090491,0.23736528236312107,0.4067751814690583,
258,zwf1egf,,0.3335474241702883,9.99990000099999E-6,6.538396154499993E-5,ACOS,24.0,10.0,18.0,10.0,18.0,24.0,0.67,,1.309779717243032E-10,1.6868375146311775E-9,1.021628179449565E-8,1.3157332614123187E-7,
259,zwf1egf,,0.09052351778440725,0.6178838211617884,0.7021407058656686,ACOS,24.0,12.0,16.0,12.0,16.0,24.0,0.83,,0.04315782485065317,0.04904298278483315,3.366310338350947,1.0,
260,zwf1egf,,0.2685475886900163,1.999980000199998E-5,1.148637162277026E-4,COS,24.0,18.0,6.0,18.0,6.0,24.0,0.5,,1.8073186153643047E-7,1.1132034949707675E-6,1.4097085199841578E-5,8.682987260771986E-5,
261,zwf1egf,,0.11223880061205607,0.3441665583344167,0.4445920586386842,ACOS,24.0,8.0,16.0,8.0,16.0,24.0,0.67,,0.016726510390085665,0.021607194272907013,1.3046678104266818,1.0,
262,zwf1egf,,0.14394188459592075,0.0983790162098379,0.16724432755672441,ACOS,24.0,2.0,10.0,2.0,10.0,24.0,0.67,,0.0031928795927849605,0.005427895307734433,0.2490446082372269,0.4233758340032857,
263,zwf1egf,,0.22684888068627032,4.599954000459995E-4,0.0018101670835143498,ACOS,24.0,4.0,22.0,4.0,22.0,24.0,0.25,,8.61200618550662E-6,3.3889839155928834E-5,6.717364824695164E-4,0.002643407454162449,
264,zwf1egf,,0.33372579447425155,9.99990000099999E-6,6.538396154499993E-5,COS,24.0,12.0,0.0,12.0,0.0,24.0,0.5,,1.2814397086715521E-10,1.6868375146311775E-9,9.995229727638106E-9,1.3157332614123187E-7,
265,zwf1egf,,0.23167260885897212,2.999970000299997E-4,0.0012878659092196956,ACOS,24.0,0.0,8.0,0.0,8.0,24.0,0.67,,5.6797357958855555E-6,2.4382704174256172E-5,4.430193920790733E-4,0.0019018509255919814,
266,zwf1egf,,0.29454393720171307,9.99990000099999E-6,6.538396154499993E-5,ACOS,24.0,22.0,14.0,22.0,14.0,24.0,0.33,,1.1973229389802929E-8,8.927407878361833E-8,9.339118924046285E-7,6.96337814512223E-6,
267,zwf1egf,,0.1246677354534813,0.22225777742222577,0.32129100477702704,ACOS,24.0,6.0,4.0,6.0,4.0,24.0,0.08,,0.009085956643993455,0.013134461135024552,0.7087046182314894,1.0,
268,zwf1egf,,0.16722023664984595,0.03038969610303897,0.06393871704847308,ACOS,24.0,20.0,14.0,20.0,14.0,24.0,0.25,,7.665487918632922E-4,0.001612788299712372,0.05979080576533679,0.12579748737756502,
269,zwf1egf,,0.20853615570655124,0.0021399786002139977,0.007105397696023039,ACOS,24.0,8.0,22.0,8.0,22.0,24.0,0.42,,3.888620209406774E-5,1.291143428904593E-4,0.0030331237633372836,0.010070918745455824,
270,zwf1egf,,0.14691719936232697,0.08510914890851091,0.14763831953517198,COS,24.0,8.0,20.0,8.0,20.0,24.0,0.5,,0.002687466713439075,0.004661932053924927,0.20962240364824786,0.36363070020614424,
271,zwf1egf,,0.09296087258986481,0.5858341416585834,0.6729175951483728,ACOS,24.0,18.0,22.0,18.0,22.0,24.0,0.83,,0.039090247672445726,0.04490096016429577,3.0490393184507667,1.0,
272,zwf1egf,,0.05023466490017428,0.985030149698503,0.9990106466859859,ACOS,24.0,18.0,20.0,18.0,20.0,24.0,0.92,,0.17059845117949723,0.17387132314457152,13.306679192000784,1.0,
273,zwf1egf,,0.44258329304006966,9.99990000099999E-6,6.538396154499993E-5,COS,24.0,8.0,20.0,8.0,20.0,24.0,0.5,,2.5215486268490285E-17,1.3395727080135464E-15,1.966807928942242E-15,1.0448667122505662E-13,
274,zwf1egf,,0.16853996566988558,0.02822971770282297,0.05968970161044658,ACOS,24.0,12.0,10.0,12.0,10.0,24.0,0.08,,7.031630071616756E-4,0.0014867874529537915,0.0548467145586107,0.11596942133039576,
275,zwf1egf,,0.14981738303805084,0.07391926080739193,0.13035554291759988,ACOS,24.0,4.0,20.0,4.0,20.0,24.0,0.33,,0.0022655232695592015,0.00399521738407743,0.17671081502561772,0.3116269559580396,
276,zwf1egf,,0.1989297942371184,0.0041599584004159956,0.012277655001227765,ACOS,24.0,2.0,18.0,2.0,18.0,24.0,0.33,,8.190229990492251E-5,2.4172553791383382E-4,0.006388379392583956,0.018854591957279038,
277,zwf1egf,,0.06465432031097929,0.9133008669913301,0.9607744269091962,ACOS,24.0,12.0,12.0,12.0,12.0,24.0,0.0,,0.11028494289461432,0.11601757606487893,8.602225545779918,1.0,
278,zwf1egf,,0.13594794149463246,0.14187858121418787,0.225836692943932,ACOS,24.0,12.0,20.0,12.0,20.0,24.0,0.67,,0.005000075960970326,0.007958922409784228,0.3900059249556855,0.6207959479631697,
279,zwf1egf,,0.3065278341030974,9.99990000099999E-6,6.538396154499993E-5,ACOS,24.0,6.0,16.0,6.0,16.0,24.0,0.58,,3.164492798053381E-9,2.923716172114537E-8,2.468304382481637E-7,2.2804986142493384E-6,
280,zwf1egf,,0.28885134487296993,9.99990000099999E-6,6.538396154499993E-5,ACOS,24.0,22.0,6.0,22.0,6.0,24.0,0.67,,2.2135807123008112E-8,1.5173738753674917E-7,1.7265929555946327E-6,1.1835516227866433E-5,
281,zwf1egf,,0.3116978397589688,9.99990000099999E-6,6.538396154499993E-5,ACOS,24.0,4.0,22.0,4.0,22.0,24.0,0.25,,1.7548981288012833E-9,1.8645792618513636E-8,1.368820540465001E-7,1.4543718242440635E-6,
282,zwf1egf,,0.24845274928447852,1.1999880001199988E-4,5.999940000599994E-4,ACOS,24.0,2.0,8.0,2.0,8.0,24.0,0.75,,1.2540639708282618E-6,6.27031985414131E-6,9.781698972460442E-5,4.890849486230221E-4,
283,zwf1egf,,0.3566737026544714,9.99990000099999E-6,6.538396154499993E-5,ACOS,24.0,14.0,0.0,14.0,0.0,24.0,0.58,,6.998135432557065E-12,1.2392531495153135E-10,5.458545637394511E-10,9.666174566219446E-9,
284,zwf1egf,,0.12683024546245916,0.2046079539204608,0.2988260495401919,ACOS,24.0,18.0,4.0,18.0,4.0,24.0,0.58,,0.008129041275893699,0.011872311141769147,0.6340652195197085,0.9260402690579935,
285,zwf1egf,,0.10784104036310027,0.3943760562394376,0.492970070299297,ACOS,24.0,20.0,4.0,20.0,4.0,24.0,0.67,,0.020512424001611868,0.025640530002014834,1.5999690721257258,1.0,
286,zwf1egf,,0.12306089043805993,0.23590764092359076,0.3353202253930638,ACOS,24.0,0.0,0.0,0.0,0.0,24.0,0.0,,0.009859520063012009,0.014014367982542152,0.7690425649149367,1.0,
287,zwf1egf,,0.1870618470841888,0.009129908700912992,0.022959829573301904,ACOS,24.0,4.0,20.0,4.0,20.0,24.0,0.33,,1.9683887036830693E-4,4.95008993529766E-4,0.015353431888727941,0.038610701495321746,
288,zwf1egf,,0.15241205933757235,0.06522934770652293,0.11898056985095384,ACOS,24.0,0.0,0.0,0.0,0.0,24.0,0.0,,0.0019399054572066736,0.003538454160140928,0.15131262566212053,0.2759994244909924,
289,zwf1egf,,0.05930467205829779,0.9490005099949,0.986125224322329,ACOS,24.0,12.0,12.0,12.0,12.0,24.0,0.0,,0.1305799934509041,0.13568825725338446,10.18523948917052,1.0,
290,zwf1egf,,0.21701413209287154,0.0011899881001189987,0.004249957500424995,COS,24.0,22.0,10.0,22.0,10.0,24.0,0.5,,1.9629644479437317E-5,7.012649109216863E-5,0.0015311122693961107,0.005469866305189152,
291,zwf1egf,,0.31695954750739946,9.99990000099999E-6,6.538396154499993E-5,COS,24.0,8.0,20.0,8.0,20.0,24.0,0.5,,9.538601399881499E-10,1.0394629730640094E-8,7.44010909190757E-8,8.107811189899273E-7,
292,zwf1egf,,0.13641883629539406,0.13910860891391086,0.22351568937140817,ACOS,24.0,10.0,0.0,10.0,0.0,24.0,0.42,,0.0048725356993800945,0.007839469262002794,0.38005778455164735,0.611478602436218,
293,zwf1egf,,0.10536211554516257,0.42428575714242855,0.5176545655746881,ACOS,24.0,12.0,14.0,12.0,14.0,24.0,0.92,,0.022950080664047624,0.02802306274344782,1.7901062917957147,1.0,
294,zwf1egf,,0.1043383161841777,0.43727562724372754,0.5294647908221772,ACOS,24.0,18.0,0.0,18.0,0.0,24.0,0.75,,0.024025777736748223,0.029091041419139586,1.8740106634663614,1.0,
295,zwf1egf,,0.15097878894092506,0.07003929960700393,0.12497364566103292,ACOS,24.0,16.0,20.0,16.0,20.0,24.0,0.83,,0.0021140971895215336,0.003775173552717024,0.1648995807826796,0.29446353711192785,
296,zwf1egf,,0.0598926711689354,0.9457605423945761,0.9851672316610167,ACOS,24.0,16.0,14.0,16.0,14.0,24.0,0.08,,0.12823070553985788,0.13357365160401863,10.001995032108915,1.0,
297,zwf1egf,,0.1990750626745705,0.0041399586004139954,0.012277655001227765,ACOS,24.0,4.0,12.0,4.0,12.0,24.0,0.67,,8.100389216118645E-5,2.4074583334618348E-4,0.006318303588572543,0.018778175001002314,
298,zwf1egf,,0.29346364825637977,9.99990000099999E-6,6.538396154499993E-5,ACOS,24.0,10.0,16.0,10.0,16.0,24.0,0.75,,1.3465915338652425E-8,9.867265549874623E-8,1.0503413964148892E-6,7.696467128902205E-6,
299,zwf1egf,,0.16234645100493486,0.03896961030389696,0.08001006946452274,ACOS,24.0,14.0,22.0,14.0,22.0,24.0,0.67,,0.0010489885800240963,0.0021537205145422266,0.0818211092418795,0.16799020013429367,
300,zwf1egf,,0.1338012254143202,0.15562844371556284,0.24227871274400806,ACOS,24.0,4.0,14.0,4.0,14.0,24.0,0.58,,0.005619960391859531,0.008749022588059709,0.43835691056504344,0.6824237618686574,
301,zwf1egf,,0.12736368176083965,0.2004979950200498,0.2938332685638661,ACOS,24.0,8.0,12.0,8.0,12.0,24.0,0.83,,0.00790707061545065,0.011587948315746641,0.6167515080051507,0.903859968628238,
302,zwf1egf,,0.19988371175581005,0.0038599614003859964,0.01163463542669538,COS,24.0,20.0,8.0,20.0,8.0,24.0,0.5,,7.616995560322216E-5,2.2959029171183983E-4,0.0059412565370513285,0.017908042753523506,
303,zwf1egf,,0.15447306881159742,0.05860941390586094,0.10830000395648218,ACOS,24.0,22.0,20.0,22.0,20.0,24.0,0.08,,0.0017122232548838522,0.0031638907970679875,0.13355341388094047,0.24678348217130303,
304,zwf1egf,,0.05447528799968727,0.972150278497215,0.9990106466859859,ACOS,24.0,16.0,10.0,16.0,10.0,24.0,0.25,,0.1510007733287696,0.15538820499933917,11.778060319644029,1.0,
305,zwf1egf,,0.1605393135245631,0.04270957290427096,0.08371246562763732,COS,24.0,16.0,4.0,16.0,4.0,24.0,0.5,,0.0011759963013942938,0.0023052363419615953,0.09172771150875492,0.17980843467300442,
306,zwf1egf,,0.12427427007319017,0.22537774622253778,0.32359980454249515,ACOS,24.0,4.0,4.0,4.0,4.0,24.0,0.0,,0.00927029368799408,0.013310387896613124,0.7230829076635383,1.0,
307,zwf1egf,,0.2542826692108035,7.999920000799993E-5,4.197488889308638E-4,COS,24.0,16.0,4.0,16.0,4.0,24.0,0.5,,7.252828999986642E-7,3.805496697523855E-6,5.6572066199895805E-5,2.968287424068607E-4,
308,zwf1egf,,0.09373053328934958,0.5755942440575594,0.6656999825665699,ACOS,24.0,18.0,20.0,18.0,20.0,24.0,0.92,,0.037872631445142316,0.04389560275584734,2.9540652527211004,1.0,
309,zwf1egf,,0.12951294587263665,0.1849981500184998,0.27587443423811375,ACOS,24.0,18.0,12.0,18.0,12.0,24.0,0.25,,0.00706582710446932,0.010536759717191091,0.5511345141486069,0.8218672579409051,
310,zwf1egf,,0.15598302404733377,0.05458945410545894,0.10220492508731299,COS,24.0,0.0,12.0,0.0,12.0,24.0,0.5,,0.0015611602608107834,0.0029228771402845066,0.1217705003432411,0.22798441694219151,
311,zwf1egf,,0.1106311315930429,0.36252637473625265,0.45992152018778326,ACOS,24.0,20.0,10.0,20.0,10.0,24.0,0.42,,0.018034752608400862,0.022879910025583185,1.4067107034552673,1.0,
312,zwf1egf,,0.2616715466659742,1.999980000199998E-5,1.148637162277026E-4,ACOS,24.0,22.0,12.0,22.0,12.0,24.0,0.42,,3.5624805155574054E-7,2.0740468754957496E-6,2.7787348021347763E-5,1.617756562886685E-4,
313,zwf1egf,,0.13386213458708174,0.15514844851551485,0.24227871274400806,ACOS,24.0,4.0,12.0,4.0,12.0,24.0,0.67,,0.005601472006756706,0.008749022588059709,0.4369148165270231,0.6824237618686574,
314,zwf1egf,,0.09274958106745293,0.5886541134588654,0.6743342270081343,ACOS,24.0,20.0,20.0,20.0,20.0,24.0,0.0,,0.03943003327279147,0.04516917558203875,3.075542595277735,1.0,
315,zwf1egf,,0.18416166340846493,0.010969890301096989,0.026641162159806973,ACOS,24.0,20.0,4.0,20.0,4.0,24.0,0.67,,2.4211107175076666E-4,5.87984031394719E-4,0.0188846635965598,0.04586275444878809,
316,zwf1egf,,0.09194307729450156,0.5988040119598804,0.6841174867821215,ACOS,24.0,0.0,20.0,0.0,20.0,24.0,0.17,,0.040749153905482526,0.04655481292965073,3.178434004627637,1.0,
317,zwf1egf,,0.2914749604161387,9.99990000099999E-6,6.538396154499993E-5,ACOS,24.0,0.0,10.0,0.0,10.0,24.0,0.58,,1.6699502124439318E-8,1.2029302377774084E-7,1.3025611657062667E-6,9.382855854663786E-6,
318,zwf1egf,,0.5973230049307309,9.99990000099999E-6,6.538396154499993E-5,COS,24.0,10.0,22.0,10.0,22.0,24.0,0.5,,5.371021573544089E-30,2.2826841687562378E-27,4.18939682736439E-28,1.7804936516298657E-25,
319,zwf1egf,,0.2228811236073312,6.699933000669994E-4,0.00254238529043281,ACOS,24.0,2.0,20.0,2.0,20.0,24.0,0.25,,1.2055794392406042E-5,4.57474340783265E-5,9.403519626076713E-4,0.0035682998581094668,
320,zwf1egf,,0.07688443720786349,0.7934820651793482,0.8691491693330489,ACOS,24.0,0.0,22.0,0.0,22.0,24.0,0.08,,0.07259410405817895,0.07951673769259293,5.662340116537958,1.0,
321,zwf1egf,,0.08230498621819397,0.7275627243727563,0.809461146226234,ACOS,24.0,14.0,14.0,14.0,14.0,24.0,0.0,,0.05944569822408946,0.06613722969957597,4.636764461478978,1.0,
322,zwf1egf,,0.0977419474216064,0.5222447775522244,0.6148311093066354,ACOS,24.0,18.0,18.0,18.0,18.0,24.0,0.0,,0.032017944230174185,0.037694255672642736,2.497399649953586,1.0,
323,zwf1egf,,0.07482010835940911,0.8165218347816522,0.8852596423015362,ACOS,24.0,2.0,22.0,2.0,22.0,24.0,0.17,,0.07814988723219757,0.08472883182062237,6.09569120411141,1.0,
324,zwf1egf,,0.08047955652841879,0.7500124998750013,0.8322593014278735,ACOS,24.0,12.0,10.0,12.0,10.0,24.0,0.08,,0.06364737807898724,0.07062698611898062,4.9644954901610046,1.0,
325,zwf1egf,,0.1640004069040984,0.03571964280357196,0.0740529180074053,ACOS,24.0,22.0,6.0,22.0,6.0,24.0,0.67,,9.439023930111806E-4,0.001956870814779277,0.07362438665487209,0.1526359235527836,
326,zwf1egf,,0.2611531105884595,1.999980000199998E-5,1.148637162277026E-4,COS,24.0,16.0,4.0,16.0,4.0,24.0,0.5,,3.747006122238349E-7,2.1519967593936464E-6,2.922664775345912E-5,1.678557472327044E-4,
327,zwf1egf,,0.11538259290421021,0.3097169028309717,0.4126322373139905,ACOS,24.0,2.0,10.0,2.0,10.0,24.0,0.67,,0.014401599494631875,0.01918708396620234,1.1233247605812862,1.0,
328,zwf1egf,,0.24066897771480902,1.5999840001599985E-4,7.391230435521732E-4,ACOS,24.0,20.0,6.0,20.0,6.0,24.0,0.58,,2.5578308625979784E-6,1.1816066484827617E-5,1.995108072826423E-4,9.216531858165541E-4,
329,zwf1egf,,0.1755982134965724,0.018589814101858983,0.04158247891205299,ACOS,24.0,2.0,22.0,2.0,22.0,24.0,0.17,,4.3880095686049116E-4,9.815284561353092E-4,0.03422647463511831,0.07655921957855412,
330,zwf1egf,,0.1866587126360861,0.00937990620093799,0.02344976550234498,ACOS,24.0,18.0,4.0,18.0,4.0,24.0,0.58,,2.026197683691043E-4,5.065494209227607E-4,0.015804341932790136,0.03951085483197534,
331,zwf1egf,,0.19511302919035864,0.005469945300546995,0.015294254952187322,COS,24.0,18.0,6.0,18.0,6.0,24.0,0.5,,1.0915293350023993E-4,3.0519734695790766E-4,0.008513928813018715,0.0238053930627168,
332,zwf1egf,,0.11739562043814275,0.28912710872891273,0.3951093929575174,ACOS,24.0,4.0,4.0,4.0,4.0,24.0,0.0,,0.013063773249688106,0.017852423251181495,1.0189743134756724,1.0,
333,zwf1egf,,0.3815796272285496,9.99990000099999E-6,6.538396154499993E-5,ACOS,24.0,10.0,2.0,10.0,2.0,24.0,0.33,,2.4178018954647216E-13,6.422286284828167E-12,1.885885478462483E-11,5.009383302165971E-10,
334,zwf1egf,,0.08801278203435402,0.6520034799652004,0.7369720185776867,ACOS,24.0,16.0,16.0,16.0,16.0,24.0,0.0,,0.04769856290994279,0.05391459903384491,3.7204879069755377,1.0,
335,zwf1egf,,0.28318199260801125,9.99990000099999E-6,6.538396154499993E-5,ACOS,24.0,10.0,4.0,10.0,4.0,24.0,0.25,,4.036542511824575E-8,2.680516511758507E-7,3.1485031592231688E-6,2.0908028791716356E-5,
336,zwf1egf,,0.20230715870396654,0.003179968200317997,0.009722924353490278,ACOS,24.0,2.0,8.0,2.0,8.0,24.0,0.75,,6.325866201473858E-5,1.9341677234722228E-4,0.00493417563714961,0.01508650824308334,
337,zwf1egf,,0.11259023790262936,0.3401165988340117,0.44069986129407,ACOS,24.0,12.0,20.0,12.0,20.0,24.0,0.67,,0.016451600187403364,0.021316859998922043,1.2832248146174623,1.0,
338,zwf1egf,,0.15953196261891375,0.04494955050449496,0.08683435892913799,ACOS,24.0,20.0,16.0,20.0,16.0,24.0,0.17,,0.0012527612573768954,0.0024201069744780933,0.09771537807539785,0.1887683440092913,
339,zwf1egf,,0.29083749656309327,9.99990000099999E-6,6.538396154499993E-5,COS,24.0,6.0,18.0,6.0,18.0,24.0,0.5,,1.788698753364302E-8,1.266994950299714E-7,1.3951850276241557E-6,9.88256061233777E-6,
340,zwf1egf,,0.16097257412760116,0.041859581404185955,0.0836822617689316,ACOS,24.0,0.0,18.0,0.0,18.0,24.0,0.25,,0.001144324358916529,0.002290402451813593,0.08925729999548926,0.17865139124146026,
341,zwf1egf,,0.1978302273264673,0.004519954800451995,0.013157402672548616,ACOS,24.0,0.0,10.0,0.0,10.0,24.0,0.58,,8.901290049855789E-5,2.59112895286898E-4,0.0069430062388875155,0.02021080583237804,
342,zwf1egf,,0.10794070095305269,0.3930960690393096,0.49281955558025536,ACOS,24.0,12.0,16.0,12.0,16.0,24.0,0.83,,0.02041919477083305,0.02559928547965795,1.5926971921249777,1.0,
343,zwf1egf,,0.07848395621734931,0.7744322556774432,0.8548927497738009,ACOS,24.0,18.0,18.0,18.0,18.0,24.0,0.0,,0.06850131224328804,0.07561833169713615,5.343102354976467,1.0,
344,zwf1egf,,0.13646062934772954,0.13894861051389487,0.22351568937140817,ACOS,24.0,2.0,0.0,2.0,0.0,24.0,0.08,,0.0048613575080692995,0.007839469262002794,0.37918588562940536,0.611478602436218,
345,zwf1egf,,0.16112522711397156,0.04150958490415096,0.08360935347992492,ACOS,24.0,0.0,18.0,0.0,18.0,24.0,0.25,,0.0011333526870227098,0.0022828193932921876,0.08840150958777136,0.17805991267679067,
346,zwf1egf,,0.14580305178343267,0.09014909850901491,0.15511484561267747,ACOS,24.0,18.0,20.0,18.0,20.0,24.0,0.92,,0.002867587442363727,0.004934107947386979,0.22367182050437068,0.3848604198961844,
347,zwf1egf,,0.20732667733998986,0.002309976900230998,0.007494199867161634,ACOS,24.0,18.0,2.0,18.0,2.0,24.0,0.67,,4.2783719672338704E-5,1.3880214397514465E-4,0.003337130134442419,0.010826567230061281,
348,zwf1egf,,0.10681541028228655,0.4069159308406916,0.502730437811901,ACOS,24.0,2.0,6.0,2.0,6.0,24.0,0.83,,0.021492997812486606,0.02655384904158956,1.6764538293739553,1.0,
349,zwf1egf,,0.36877249927909334,9.99990000099999E-6,6.538396154499993E-5,ACOS,24.0,2.0,20.0,2.0,20.0,24.0,0.25,,1.4023069850982752E-12,2.5912194289859435E-11,1.0937994483766547E-10,2.0211511546090356E-9,
350,zwf1egf,,0.10231140679850176,0.46233537664623353,0.555063658402964,ACOS,24.0,18.0,12.0,18.0,12.0,24.0,0.25,,0.026280633355223352,0.03155160784172295,2.0498894017074214,1.0,
351,zwf1egf,,0.1763311640063273,0.01785982140178598,0.040475785718333296,ACOS,24.0,8.0,14.0,8.0,14.0,24.0,0.75,,4.174305649240653E-4,9.465230290592227E-4,0.03255958406407709,0.07382879626661937,
352,zwf1egf,,0.12797735413567476,0.1961380386196138,0.28943981393519397,ACOS,24.0,0.0,8.0,0.0,8.0,24.0,0.67,,0.0076583214515894785,0.011301342419880307,0.5973490732239793,0.881504708750664,
353,zwf1egf,,0.10116917382973743,0.4771452285477145,0.5680300339853744,ACOS,24.0,22.0,22.0,22.0,22.0,24.0,0.0,,0.027627476746047413,0.03288985326910406,2.1549431861916983,1.0,
354,zwf1egf,,0.10118477552214726,0.47683523164768354,0.5680300339853744,ACOS,24.0,12.0,12.0,12.0,12.0,24.0,0.0,,0.0276086999359551,0.03288985326910406,2.153478595004498,1.0,
355,zwf1egf,,0.1873815407696827,0.008889911100888992,0.022489358439748936,ACOS,24.0,14.0,0.0,14.0,0.0,24.0,0.58,,1.923644618724404E-4,4.866362874749236E-4,0.015004428026050351,0.03795763042304404,
356,zwf1egf,,0.13017554178847238,0.1801581984180158,0.2715150153463004,ACOS,24.0,18.0,14.0,18.0,14.0,24.0,0.17,,0.006822920116047854,0.010282769678440915,0.5321877690517326,0.8020560349183913,
357,zwf1egf,,0.07904048889927033,0.7668723312766872,0.8487519291473751,ACOS,24.0,20.0,16.0,20.0,16.0,24.0,0.17,,0.06711979371153293,0.07428623001927472,5.235343909499568,1.0,
358,zwf1egf,,0.12396855231163251,0.22836771632283678,0.32569221287652894,ACOS,24.0,4.0,4.0,4.0,4.0,24.0,0.0,,0.009415772461029799,0.013428534550126391,0.7344302519603243,1.0,
359,zwf1egf,,0.2549675939816625,7.999920000799993E-5,4.197488889308638E-4,ACOS,24.0,6.0,22.0,6.0,22.0,24.0,0.33,,6.795674688213089E-7,3.6425799244066945E-6,5.30062625680621E-5,2.8412123410372217E-4,
360,zwf1egf,,0.19320264580987453,0.006179938200617994,0.016836370097837484,ACOS,24.0,16.0,6.0,16.0,6.0,24.0,0.42,,1.257946488590636E-4,3.4270978054552585E-4,0.00981198261100696,0.026731362882551013,
361,zwf1egf,,0.21779393534889196,0.0010699893001069989,0.00388671326961944,ACOS,24.0,16.0,2.0,16.0,2.0,24.0,0.58,,1.8410603936735808E-5,6.687612541121982E-5,0.0014360271070653929,0.005216337782075146,
362,zwf1egf,,0.19479610944306075,0.005589944100558995,0.015527622501552764,ACOS,24.0,8.0,8.0,8.0,8.0,24.0,0.0,,1.1176251401767714E-4,3.104514278268809E-4,0.008717476093378817,0.024215211370496714,
363,zwf1egf,,0.1411819929341658,0.11193888061119389,0.1868647980186865,ACOS,24.0,12.0,22.0,12.0,22.0,24.0,0.58,,0.0037365256865961143,0.006244878221670208,0.29144900355449693,0.48710050129027627,
364,zwf1egf,,0.14097503291307698,0.11294887051129489,0.1875127733097669,ACOS,24.0,14.0,22.0,14.0,22.0,24.0,0.67,,0.0037804597198230552,0.0062761538317374944,0.2948758581461983,0.4895399988755246,
365,zwf1egf,,0.15099122524981587,0.06999930000699993,0.12497364566103292,COS,24.0,6.0,18.0,6.0,18.0,24.0,0.5,,0.0021125266222632236,0.003775173552717024,0.16477707653653145,0.29446353711192785,
366,zwf1egf,,0.13411815302964755,0.15341846581534185,0.24060091502406009,ACOS,24.0,18.0,18.0,18.0,18.0,24.0,0.0,,0.00552434946745322,0.008663647688810401,0.43089925846135113,0.6757645197272112,
367,zwf1egf,,0.13569485701693418,0.14352856471435285,0.22761059702835806,ACOS,24.0,20.0,18.0,20.0,18.0,24.0,0.08,,0.005069844357008893,0.008039865118390969,0.3954478598466937,0.6271094792344956,
368,zwf1egf,,0.2299010015162235,3.4999650003499967E-4,0.0014302741587968737,ACOS,24.0,2.0,20.0,2.0,20.0,24.0,0.25,,6.624085310999771E-6,2.7069579395912525E-5,5.166786542579821E-4,0.002111427192881177,
369,zwf1egf,,0.37831418705557457,9.99990000099999E-6,6.538396154499993E-5,ACOS,24.0,10.0,20.0,10.0,20.0,24.0,0.58,,3.8058956826011294E-13,8.986142583919333E-12,2.968598632428881E-11,7.009191215457081E-10,
370,zwf1egf,,0.19988371175581005,0.0038599614003859964,0.01163463542669538,ACOS,24.0,4.0,20.0,4.0,20.0,24.0,0.33,,7.616995560322216E-5,2.2959029171183983E-4,0.0059412565370513285,0.017908042753523506,
371,zwf1egf,,0.13197837622917455,0.16775832241677582,0.25775915526043297,ACOS,24.0,14.0,14.0,14.0,14.0,24.0,0.0,,0.006198943410607769,0.009531849061634972,0.483517586027406,0.7434842268075278,
372,zwf1egf,,0.20595264192315635,0.0025199748002519974,0.007933254000793326,COS,24.0,2.0,14.0,2.0,14.0,24.0,0.5,,4.765869311284453E-5,1.5003662646636239E-4,0.003717378062801873,0.011702856864376268,
373,zwf1egf,,0.2972076269844203,9.99990000099999E-6,6.538396154499993E-5,ACOS,24.0,10.0,18.0,10.0,18.0,24.0,0.67,,8.946283090306509E-9,7.17390625166088E-8,6.978100810439077E-7,5.595646876295486E-6,
374,zwf1egf,,0.20695296194250623,0.0023599764002359977,0.007598408864396206,COS,24.0,4.0,16.0,4.0,16.0,24.0,0.5,,4.4060803806049954E-5,1.4186243649675175E-4,0.0034367426968718966,0.011065270046746636,
375,zwf1egf,,0.18509373891699024,0.01035989640103599,0.02530434465770285,ACOS,24.0,8.0,18.0,8.0,18.0,24.0,0.58,,2.2659787251695217E-4,5.53471815055774E-4,0.017674634056322268,0.04317080157435037,
376,zwf1egf,,0.13172372484024464,0.16937830621693784,0.2589416551877647,ACOS,24.0,10.0,6.0,10.0,6.0,24.0,0.17,,0.006283897750370419,0.009606678215494345,0.49014402452889266,0.749320900808559,
377,zwf1egf,,0.052281769602256514,0.979760202397976,0.9990106466859859,ACOS,24.0,0.0,0.0,0.0,0.0,24.0,0.0,,0.16094296850280077,0.1652192309509428,12.55355154321846,1.0,
378,zwf1egf,,0.18793434010436724,0.00855991440085599,0.021784213295591593,ACOS,24.0,2.0,20.0,2.0,20.0,24.0,0.25,,1.848510737477307E-4,4.70429379298117E-4,0.014418383752322994,0.036693491585253125,
379,zwf1egf,,0.21957443250151412,9.39990600093999E-4,0.0034738783046952136,COS,24.0,8.0,20.0,8.0,20.0,24.0,0.5,,1.589103972721326E-5,5.8727755513614224E-5,0.0012395010987226343,0.00458076493006191,
380,zwf1egf,,0.24630559350866235,1.2999870001299986E-4,6.20780309050842E-4,ACOS,24.0,14.0,22.0,14.0,22.0,24.0,0.67,,1.5297427256091364E-6,7.4728811308492285E-6,1.1931993259751263E-4,5.828847282062399E-4,
381,zwf1egf,,0.07237030821599785,0.8435215647843521,0.9098900127749991,ACOS,24.0,18.0,18.0,18.0,18.0,24.0,0.0,,0.08515474678664647,0.09185473955412374,6.642070249358425,1.0,
382,zwf1egf,,0.21679225465595406,0.0012099879001209988,0.004285373812928537,COS,24.0,6.0,18.0,6.0,18.0,24.0,0.5,,1.9990260332119228E-5,7.07988386762556E-5,0.0015592403059052997,0.005522309416747936,
383,zwf1egf,,0.17068985741513176,0.024929750702492974,0.05378245709928687,ACOS,24.0,22.0,4.0,22.0,4.0,24.0,0.75,,6.101681423057518E-4,0.001316352591268754,0.04759311509984864,0.1026755021189628,
384,zwf1egf,,0.10606770362385388,0.4155558444415556,0.5119166199642351,ACOS,24.0,10.0,10.0,10.0,10.0,24.0,0.0,,0.022232579643852876,0.027387960430833254,1.7341412122205244,1.0,
385,zwf1egf,,0.23463178880265095,2.3999760002399976E-4,0.001062489375106249,ACOS,24.0,22.0,8.0,22.0,8.0,24.0,0.58,,4.382339525098478E-6,1.9400982272571388E-5,3.418224829576813E-4,0.0015132766172605682,
386,zwf1egf,,0.070457076902877,0.8623313766862332,0.9208312439488671,ACOS,24.0,2.0,2.0,2.0,2.0,24.0,0.0,,0.0909447562803618,0.09711437542500946,7.093690989868221,1.0,
387,zwf1egf,,0.3269315179233638,9.99990000099999E-6,6.538396154499993E-5,ACOS,24.0,12.0,20.0,12.0,20.0,24.0,0.67,,2.9250815680416685E-10,3.551884761193455E-9,2.2815636230725016E-8,2.770470113730895E-7,
388,zwf1egf,,0.09659936273413454,0.5371346286537134,0.6288766313438794,ACOS,24.0,12.0,12.0,12.0,12.0,24.0,0.0,,0.03360395040209767,0.039343468101629496,2.621108131363618,1.0,
389,zwf1egf,,0.13637922732039517,0.13928860711392885,0.22351568937140817,ACOS,24.0,12.0,8.0,12.0,8.0,24.0,0.17,,0.004883150863554112,0.007839469262002794,0.38088576735722074,0.611478602436218,
390,zwf1egf,,0.11690999694826153,0.2940470595294047,0.3992651766773067,ACOS,24.0,4.0,10.0,4.0,10.0,24.0,0.75,,0.013376273466872366,0.018162671640321905,1.0433493304160446,1.0,
391,zwf1egf,,0.17684698817316394,0.017169828301716983,0.03944420015259307,ACOS,24.0,6.0,14.0,6.0,14.0,24.0,0.67,,4.029741135760839E-4,9.257513419991117E-4,0.03143198085893454,0.0722086046759307,
392,zwf1egf,,0.10759605670200739,0.3972460275397246,0.49510135397179755,ACOS,24.0,10.0,10.0,10.0,10.0,24.0,0.0,,0.020743132260293028,0.02585287745051184,1.617964316302856,1.0,
393,zwf1egf,,0.17484819959293088,0.019479805201947982,0.04267483098364893,ACOS,24.0,8.0,16.0,8.0,16.0,24.0,0.67,,4.6171532053713944E-4,0.0010114897485994034,0.03601379500189688,0.07889620039075347,
394,zwf1egf,,0.21187121474858112,0.0016999830001699983,0.0058265546376794295,ACOS,24.0,10.0,20.0,10.0,20.0,24.0,0.58,,2.980459216149247E-5,1.0215283603737338E-4,0.0023247581885964125,0.007967921210915123,
395,zwf1egf,,0.3077391371826198,9.99990000099999E-6,6.538396154499993E-5,ACOS,24.0,8.0,2.0,8.0,2.0,24.0,0.25,,2.7585252370347067E-9,2.6644846039539778E-8,2.1516496848870712E-7,2.078297991084103E-6,
396,zwf1egf,,0.169082530639611,0.027449725502744972,0.058564414355856444,ACOS,24.0,4.0,6.0,4.0,6.0,24.0,0.92,,6.785347380224031E-4,0.0014491319781885492,0.05292570956574744,0.11303229429870686,
397,zwf1egf,,0.15134196463811098,0.06871931280687193,0.12427960826774712,ACOS,24.0,0.0,0.0,0.0,0.0,24.0,0.0,,0.0020686656562926577,0.0037412038464867212,0.1613559211908273,0.29181390002596425,
398,zwf1egf,,0.405186187747841,9.99990000099999E-6,6.538396154499993E-5,COS,24.0,8.0,20.0,8.0,20.0,24.0,0.5,,8.13540590952429E-15,3.143225010498021E-13,6.345616609428946E-13,2.4517155081884563E-11,
399,zwf1egf,,0.19645534543771193,0.004999950000499995,0.014072706955049655,ACOS,24.0,10.0,0.0,10.0,0.0,24.0,0.42,,9.872142065922062E-5,2.778583031799256E-4,0.007700270811419209,0.0216729476480342,
400,zwf1egf,,0.2595664389772852,2.999970000299997E-5,1.65582759756818E-4,COS,24.0,8.0,20.0,8.0,20.0,24.0,0.5,,4.3707424599237806E-7,2.412422786321567E-6,3.409179118740549E-5,1.8816897733308225E-4,
401,zwf1egf,,0.2739703440756888,1.999980000199998E-5,1.148637162277026E-4,ACOS,24.0,14.0,8.0,14.0,8.0,24.0,0.25,,1.0461010934204561E-7,6.736257040965058E-7,8.159588528679557E-6,5.254280491952745E-5,
402,zwf1egf,,0.1900164327325652,0.007479925200747992,0.019383952501938393,ACOS,24.0,2.0,16.0,2.0,16.0,24.0,0.42,,1.5894524629442327E-4,4.119007907020115E-4,0.012397729210965014,0.032128261674756894,
403,zwf1egf,,0.19436156032586513,0.005729942700572995,0.015711133211248535,ACOS,24.0,14.0,8.0,14.0,8.0,24.0,0.25,,1.1543598811854218E-4,3.1651803193793825E-4,0.00900400707324629,0.024688406491159182,
404,zwf1egf,,0.22735913605214134,4.199958000419996E-4,0.0016999830001699983,ACOS,24.0,20.0,4.0,20.0,4.0,24.0,0.67,,8.244157399957721E-6,3.33692085236384E-5,6.430442771967023E-4,0.002602798264843795,
405,zwf1egf,,0.07381376277909846,0.8280217197828021,0.8954433356429795,ACOS,24.0,10.0,4.0,10.0,4.0,24.0,0.25,,0.08097258091297371,0.08756576816288505,6.3158613112119495,1.0,
406,zwf1egf,,0.2214920896368771,7.799922000779992E-4,0.0029078656581855234,ACOS,24.0,12.0,8.0,12.0,8.0,24.0,0.17,,1.35451652091843E-5,5.0497326437748483E-5,0.0010565228863163754,0.0039387914621443814,
407,zwf1egf,,0.1132904568092984,0.33199668003319965,0.4328177577119934,ACOS,24.0,22.0,20.0,22.0,20.0,24.0,0.08,,0.015915374073515395,0.02074857049461363,1.2413991777342008,1.0,
408,zwf1egf,,0.10459545760448008,0.43401565984340157,0.5270190155241304,ACOS,24.0,2.0,22.0,2.0,22.0,24.0,0.17,,0.023751694026986927,0.028841342747055555,1.8526321341049803,1.0,
409,zwf1egf,,0.1570277545982056,0.051709482905170946,0.09767346770976734,COS,24.0,4.0,16.0,4.0,16.0,24.0,0.5,,0.0014638632474666177,0.0027650750229925,0.11418133330239617,0.215675851793415,
410,zwf1egf,,0.216407260682763,0.0012299877001229987,0.004320204731836979,ACOS,24.0,2.0,0.0,2.0,0.0,24.0,0.08,,2.0630953273643143E-5,7.246409207684574E-5,0.0016092143553441652,0.005652199181993969,
411,zwf1egf,,0.06940328479363876,0.8717912820871792,0.9262782372176278,ACOS,24.0,0.0,0.0,0.0,0.0,24.0,0.0,,0.0942560549533385,0.10014705838792215,7.351972286360403,1.0,
412,zwf1egf,,0.1195172107116048,0.26834731652683474,0.37149058476841945,ACOS,24.0,2.0,2.0,2.0,2.0,24.0,0.0,,0.011771420487690771,0.016295940414555628,0.9181707980398801,1.0,
413,zwf1egf,,0.047222469355572304,0.991230087699123,0.9990106466859859,ACOS,24.0,22.0,22.0,22.0,22.0,24.0,0.0,,0.18546558003189628,0.18812141172686378,14.46631524248791,1.0,
414,zwf1egf,,0.17528858365968103,0.018959810401895982,0.04218805979479472,ACOS,24.0,8.0,4.0,8.0,4.0,24.0,0.17,,4.481298849594493E-4,9.971476497788792E-4,0.034954131026837046,0.07777751668275258,
415,zwf1egf,,0.0753419980333241,0.8113018869811301,0.8818498771534024,ACOS,24.0,22.0,22.0,22.0,22.0,24.0,0.0,,0.07671574722494301,0.08338668176624241,5.983828283545555,1.0,
416,zwf1egf,,0.06962850900385828,0.8699813001869982,0.9262782372176278,ACOS,24.0,22.0,2.0,22.0,2.0,24.0,0.83,,0.09354097149404489,0.09963637314528591,7.296195776535502,1.0,
417,zwf1egf,,0.4413538824010741,9.99990000099999E-6,6.538396154499993E-5,ACOS,24.0,8.0,0.0,8.0,0.0,24.0,0.33,,3.072968328958312E-17,1.4511239331192028E-15,2.396915296587483E-15,1.1318766678329781E-13,
418,zwf1egf,,0.11780803039894078,0.2853071469285307,0.3916404384343254,ACOS,24.0,22.0,0.0,22.0,0.0,24.0,0.92,,0.012803361211338222,0.017590691397526136,0.9986621744843813,1.0,
419,zwf1egf,,0.18832980700440277,0.008369916300836992,0.021429002577444105,ACOS,24.0,4.0,14.0,4.0,14.0,24.0,0.58,,1.796453906933905E-4,4.5993548822102987E-4,0.014012340474084457,0.03587496808124033,
420,zwf1egf,,0.16125307575074915,0.04128958710412896,0.08356225961549908,ACOS,24.0,6.0,22.0,6.0,22.0,24.0,0.33,,0.0011242380339020325,0.0022752436400398277,0.08769056664435854,0.17746900392310655,
421,zwf1egf,,0.20663333616635512,0.0023999760002399975,0.0076690962413684125,ACOS,24.0,6.0,0.0,6.0,0.0,24.0,0.25,,4.518153928688762E-5,1.4437709922501682E-4,0.0035241600643772346,0.011261413739551314,
422,zwf1egf,,0.11876219120952934,0.2757872421275787,0.380550577611107,ACOS,24.0,12.0,12.0,12.0,12.0,24.0,0.0,,0.012218021038041326,0.01685928227651806,0.9530056409672234,1.0,
423,zwf1egf,,0.22654366860327502,4.699953000469995E-4,0.001832550481834631,ACOS,24.0,2.0,20.0,2.0,20.0,24.0,0.25,,8.839457425003643E-6,3.446577436354631E-5,6.894776791502842E-4,0.0026883304003566125,
424,zwf1egf,,0.30574064794704164,9.99990000099999E-6,6.538396154499993E-5,ACOS,24.0,6.0,14.0,6.0,14.0,24.0,0.67,,3.4588705979073466E-9,3.127702136405579E-8,2.69791906636773E-7,2.4396076663963517E-6,
425,zwf1egf,,0.2965775915650124,9.99990000099999E-6,6.538396154499993E-5,ACOS,24.0,18.0,8.0,18.0,8.0,24.0,0.42,,9.586868619948646E-9,7.54522067310773E-8,7.477757523559944E-7,5.885272125024029E-6,
